all,upregulated,downregulated,unchanged
TGFB1,TGFB1,TMSB10,TTC3
TMSB10,CDKN1C,SPC25,RAB19
CDKN1C,SUPT20H,CT45A6,RUNX3
SPC25,ITGB4,DPY30,RAC3
CT45A6,CYHR1,FAM168A,PTEN
DPY30,SCAPER,GINS4,QSOX1
FAM168A,WDR54,BANF1,HELB
SUPT20H,TXNIP,PFDN1,TRPM4
GINS4,RIOK3,MED28,KLHL34
BANF1,LSM6,GINS3,MRI1
PFDN1,ANXA8L1,RPLP1,BABAM2
MED28,TEDC1,DCTPP1,WDSUB1
GINS3,TTC12,JUND,SPPL2A
ITGB4,C2orf69,ERH,H1-3
RPLP1,FAH,NUSAP1,S100A2
DCTPP1,SUPT4H1,SPTY2D1,NFATC4
JUND,DCK,MMTAG2,MSI1
ERH,ANP32B,KNSTRN,IFT172
NUSAP1,TXN,TAGLN2,CPT1A
SPTY2D1,GTPBP10,RRP15,GGT7
MMTAG2,LIN54,LSM7,NAA80
KNSTRN,TMEM59,PFDN6,ZNF358
TAGLN2,METTL1,POLR2J,PPIAL4C
RRP15,NSMCE1,MYCBP,USP40
LSM7,CHTF18,USP13,GAS6
PFDN6,FUS,LMO4,NOMO2
POLR2J,KHDRBS1,CHRAC1,H3-4
MYCBP,CHTF8,RPS19,CMBL
USP13,CLP1,NUF2,ISG20
LMO4,TSPAN13,SF3B6,MSRB2
CHRAC1,S100A4,LSM4,FN3KRP
TTC3,RPP40,BRK1,FOXO3
RPS19,RADIL,DBI,RBM15B
NUF2,OGFOD3,ST13,POLL
SF3B6,DDB2,HMMR,CDIPT
LSM4,HDAC3,TIMM8A,VANGL1
BRK1,FAM89B,RFLNB,TMEM67
CYHR1,SEPHS2,CLTB,MAGED1
DBI,CHSY1,TPD52L2,RNF170
SCAPER,HAX1,GTF2A2,JUNB
WDR54,HSF1,RPS17,POMT1
ST13,DNAJC9,EIF1,DGKQ
HMMR,ANXA8,RPLP2,NME6
TIMM8A,UBFD1,POLDIP3,DNTTIP1
RFLNB,R3HCC1,RPP25,METTL15
RAB19,SUB1,RGS10,BBS1
CLTB,IGF2BP3,STMN1,LPCAT1
TPD52L2,SMYD4,CEP55,POMGNT2
GTF2A2,MAPKAP1,CHAF1B,UPRT
RPS17,H2BC21,TWSG1,LGALS3
TXNIP,USF1,DNAJC8,TAF5L
EIF1,GAMT,NCAPH,UQCR11
RIOK3,NAGPA,LIG1,DNAJC17
RPLP2,MAP3K2,CSPP1,PHYKPL
POLDIP3,KDM3B,GRPEL1,SMC1B
RPP25,CHKB,SNRPD2,ALG3
RGS10,RPS11,PFDN4,ALKBH5
LSM6,H4C1,SLIRP,PLTP
STMN1,MT-ATP8,MND1,PASK
CEP55,DEF6,NECAP1,UHRF2
CHAF1B,UROD,ING5,STK24
TWSG1,TRAF6,HMCES,ATAT1
DNAJC8,NCOR2,PCNA,DCAF5
NCAPH,RBMX,PAIP2,PHF2
LIG1,SNRPA,KIF4A,FCHSD2
CSPP1,UBTF,S100A11,APLP2
ANXA8L1,SRM,PPP1R14B,RTTN
RUNX3,TOP2B,RANBP1,TOMM7
GRPEL1,MRPS24,ADI1,ACP6
TEDC1,RPP14,NCAPD2,SYVN1
SNRPD2,RPL10,PDZD11,PPP1R3G
PFDN4,SMAD3,HSBP1,CHD6
SLIRP,WASL,GINS2,BTD
MND1,TRIM24,EIF3J,AMZ2
NECAP1,PDCD4,C8orf33,DECR2
ING5,HNRNPA0,S100A13,GSTM4
HMCES,PFN1,UQCRB,PIGQ
PCNA,CCNK,PRMT3,SNRPF
PAIP2,GSTZ1,MEX3D,BBS7
KIF4A,COPS3,SKP1,H1-2
RAC3,UTP15,C1orf131,LOXL2
TTC12,SSRP1,ELOB,ULK1
S100A11,YWHAQ,MKI67,MRPS17
PPP1R14B,ANAPC2,TTC9C,COMTD1
C2orf69,TIAL1,SAPCD2,SRXN1
FAH,NT5DC2,PFDN2,NAB1
RANBP1,NCL,KIF20A,KBTBD4
SUPT4H1,ABCD4,FLYWCH2,RNF167
ADI1,ACTL6A,SARNP,PRR14
NCAPD2,PSMB1,SRI,OSCP1
PTEN,CASP6,LCMT2,VPS26C
PDZD11,DHRS11,MRPL12,RMND5A
HSBP1,MRPL9,FABP5,H3-3A
GINS2,CUL1,EGLN2,RHBDD2
EIF3J,MCM5,BTF3,RTN4IP1
C8orf33,SRR,BASP1,RABL2A
S100A13,PPIH,SRA1,FCHSD1
UQCRB,WDR82,RPS10,FUNDC1
PRMT3,SNAPC4,WDCP,OSBP2
MEX3D,NUDT3,PCBD1,PHAF1
SKP1,PRDX6,BOLA2,HIRA
C1orf131,PSMB2,SURF2,MAPKAPK2
QSOX1,UTP14A,DUT,LRIG2
DCK,GFUS,GATAD2B,PEMT
ELOB,MTURN,CIRBP,COL18A1
MKI67,ALDH16A1,ZC3H4,MAN2C1
TTC9C,PLA2G15,N6AMT1,DOLPP1
SAPCD2,SUPT16H,SPAG7,WRAP73
HELB,PSMD10,NDC80,H3C15
PFDN2,PSMA3,BAG2,WDR81
KIF20A,NUDT12,GPCPD1,NR2C2
FLYWCH2,MANBA,MBD3,MPC2
SARNP,ITPA,MTPN,INO80
SRI,ATAD3B,MYL6,PAAT
ANP32B,BAG1,DHFR,ADCY7
TRPM4,HNRNPA1,RRM1,OTUD1
LCMT2,PARN,SMC2,TRAF1
KLHL34,HCFC1,RPS13,DHX32
MRPL12,HNRNPA2B1,ATOX1,RNF31
TXN,GLA,ANAPC16,SLC12A7
GTPBP10,FAM102B,TRIP13,SYPL1
LIN54,RALYL,UBE2L3,UBAC1
FABP5,TXNL1,CACYBP,CYBRD1
MRI1,DERA,GATAD2A,PPCDC
TMEM59,ACSL1,RBL1,MFSD12
EGLN2,POP1,FAM83D,FAM169A
METTL1,GSK3A,CBFB,ABHD16A
NSMCE1,ZNF384,HIRIP3,KAT14
BTF3,ARID2,RPS12,LDB1
BASP1,NISCH,EIF1B,RLF
SRA1,PSMB3,TOM1L1,DAZAP2
RPS10,MRPS31,CDC45,USE1
WDCP,SCO1,UBE2C,PBX2
PCBD1,RPL7A,RPL32,DOP1B
BOLA2,FASTKD1,UBP1,MYF6
SURF2,H3-2,C12orf57,GCDH
BABAM2,RPL18A,SF3B5,IPO13
CHTF18,COPS2,UBR7,CRYM
DUT,MEMO1,TPD52,BET1
WDSUB1,H3C1,PBDC1,CENPK
FUS,RNF214,PPP1R18,CEP170B
KHDRBS1,MRPL27,PXN,SAMD4B
GATAD2B,ILF3,DENND4A,CAMK1D
CHTF8,TXNDC17,EEF1B2,FBXO6
CIRBP,HNRNPL,SNAP29,ITPR1
ZC3H4,RALY,ATAD5,PCBP3
N6AMT1,MRPL11,NSUN6,ACAD8
CLP1,RPP38,DLGAP5,ALS2
SPAG7,RFX1,KIF15,BCS1L
NDC80,ILF2,GLO1,GTF2H2
BAG2,DIAPH1,RPL23A,CACNA2D1
GPCPD1,BRD2,SMC4,PCGF5
MBD3,PSMB4,STIP1,SMUG1
MTPN,MSH3,UBAP2L,PPT2
MYL6,ABCF3,NPM1,KCTD21
DHFR,AMDHD2,RSL1D1,VRK2
RRM1,NAB2,URM1,DYNLT2B
TSPAN13,SRP14,COMMD6,KIAA1109
SMC2,PTBP1,WDHD1,INTS9
RPS13,MTAP,LIMD1,PHRF1
SPPL2A,THG1L,ASL,DSCC1
S100A4,GOT1,RPS21,GCSH
ATOX1,HNRNPK,RNASEH2B,FLYWCH1
RPP40,DNASE2,MIX23,HSPB2
RADIL,DBNL,KIF14,EOGT
ANAPC16,RBM14,EIF4H,RETREG2
TRIP13,MT2A,CDK1,CTSZ
UBE2L3,NAA35,SH3KBP1,CLCN7
CACYBP,COMMD2,SGTB,COQ8A
GATAD2A,SF3A1,CDK2AP1,GPR180
RBL1,TALDO1,EBNA1BP2,TRPT1
OGFOD3,PSMA1,TRMT6,ZDHHC13
FAM83D,HK2,RUSC1,TTPAL
CBFB,SNRPA1,PKMYT1,ICMT
HIRIP3,GAPDH,DR1,PIP4K2A
RPS12,POMK,RNF114,NTHL1
EIF1B,HPRT1,PSMG1,PPIP5K1
TOM1L1,HNRNPDL,NCAPG,H2AZ1
CDC45,DDT,SFN,KIAA1549L
UBE2C,BBX,EIF5A,MT-ND4
DDB2,PGD,ARRDC1,AP5S1
HDAC3,MATR3,GNPNAT1,NHEJ1
H1-3,BDH1,PTBP2,RAB20
RPL32,RPA3,ARFGAP2,DNAJA4
UBP1,CDK16,ZNF185,ALG2
C12orf57,GTF2I,PTTG1,MAPK12
SF3B5,MTHFSD,SPATS2L,CRADD
UBR7,EGLN1,RPS15,STIM2
TPD52,HSPA6,MRPL53,IMPACT
PBDC1,DNAJB2,HSP90AA1,SMARCD1
S100A2,NR3C1,APC,TBCEL
PPP1R18,NUTF2,RPL30,CSGALNACT2
PXN,SEPHS1,USP22,IRS2
DENND4A,NUMA1,RPL26,IRS4
EEF1B2,DCPS,C7orf50,VAPA
SNAP29,PSMD4,CCNB2,MMP14
ATAD5,NEU1,NME2,SELENBP1
FAM89B,DNAJC2,RPL37A,RAVER1
SEPHS2,SIX5,CALM1,UQCC3
NSUN6,HNRNPA3,AKT2,GFPT2
DLGAP5,ATPAF2,CD2AP,MRPL17
KIF15,THUMPD1,ATP5F1E,SUFU
GLO1,SF3B1,PPP1R11,H2AX
RPL23A,H1-10,NDUFA8,IREB2
SMC4,RBMXL1,ELOA,DNAJC30
STIP1,CUL2,NSD2,DSC2
UBAP2L,TACO1,RNF220,SPG11
NPM1,BMPR2,WDR6,MMGT1
NFATC4,APEX1,POLR2D,MVB12A
RSL1D1,WDR5,ZNF593,B3GNTL1
URM1,TRMT5,MED22,TRADD
COMMD6,MRPL19,SMNDC1,HKDC1
CHSY1,MRPL20,SPC24,MTARC1
HAX1,AHNAK2,SCD,FOXD1
WDHD1,LAP3,DTD1,SDHD
LIMD1,GSTO1,RPS28,KBTBD6
HSF1,RBM26,SH3BGRL3,C3orf38
ASL,MYG1,MTF2,HPS3
DNAJC9,CTSH,CPSF4,RING1
ANXA8,MTR,POLR2L,KBTBD11
RPS21,ARPC1B,HSPB6,SLC25A10
RNASEH2B,SNRPE,TEX30,MRPL38
UBFD1,PBRM1,PDCD5,TMX4
MIX23,RPS27A,NSMCE3,ESCO2
KIF14,U2AF2,ACAT2,DEPDC5
EIF4H,MAPK1,C2orf49,NT5C3A
CDK1,ANP32E,RAB13,H1-4
MSI1,AFF1,NOLC1,SCAI
SH3KBP1,NCOA4,RABIF,B2M
R3HCC1,ZDHHC17,RPL26L1,UBQLN4
SGTB,SIRT2,NUP50,RNASEH1
IFT172,JAM2,FNBP1,LMAN2L
CDK2AP1,TEFM,RECQL4,WDR24
SUB1,IGF1R,RPL21,WDFY3
EBNA1BP2,ZNF292,ZBTB10,ESPNL
TRMT6,PARK7,RBX1,HPDL
RUSC1,ACADSB,REEP4,ELP3
PKMYT1,DDX39B,POLR2F,CDK13
DR1,NKTR,PLEKHG4,DPYSL5
RNF114,COPS4,PSAT1,TMEM14C
IGF2BP3,NCBP2,HYPK,PDCD10
CPT1A,PRCC,NAA50,TDG
PSMG1,DTYMK,UCHL3,FCSK
NCAPG,MOV10,RPL12,TEAD1
GGT7,GRAMD1A,MTA1,TAMM41
SMYD4,NAAA,RBM28,KDM5C
SFN,NQO1,VBP1,KBTBD2
EIF5A,PTPRS,TTK,IMPA2
ARRDC1,MRPL44,PTCD1,UBE3B
GNPNAT1,DPYSL3,RNGTT,COMMD5
PTBP2,MSI2,STAU1,TTC30A
ARFGAP2,OXCT1,SLC7A1,TIAM1
ZNF185,ECSIT,MANF,RIN1
PTTG1,NDUFA13,RNASEH2A,DHRS13
SPATS2L,HEBP2,TAX1BP3,CUL9
RPS15,LUC7L2,CKAP2,CYBC1
MRPL53,MBNL1,GINS1,FBH1
MAPKAP1,PLBD2,RDX,FBXO42
HSP90AA1,MGME1,PSME3,POLG2
APC,ZNF512,ZMYM3,ATG13
RPL30,PTCD3,CLTA,RELCH
USP22,TDRKH,IPO11,NUDT19
RPL26,ATPAF1,NAA10,UEVLD
NAA80,GSS,CDC25C,PHKA1
H2BC21,ABT1,RPL10A,NCBP2AS2
C7orf50,FNDC3A,IQGAP3,POGK
CCNB2,EIF4E,DUS3L,IRF3
NME2,NRBP2,PFDN5,MSL3
RPL37A,PPIA,CEP43,VPS26B
CALM1,VPS36,RNASEH2C,AP5Z1
ZNF358,MDH1,ERCC6L,GLI2
USF1,PIR,NME1,S100A9
AKT2,MED12,PSMA4,PEF1
GAMT,HMOX1,SUGP1,ARHGEF40
PPIAL4C,FAM98B,EZH2,RPIA
CD2AP,FAM120A,FANCG,FAAP100
ATP5F1E,MOB3A,CNOT3,BRPF3
PPP1R11,TP53I3,RPL27A,PPIAL4H
NAGPA,HNRNPU,RPL36,TTC13
NDUFA8,KDM4B,SUMO1,THYN1
ELOA,HNRNPC,CDCA8,POLB
MAP3K2,CORO7,HSPA8,SURF1
NSD2,PLEKHA2,PPP3R1,CHD2
RNF220,SCPEP1,SMAP1,TMEM256
KDM3B,NYNRIN,ZFYVE19,POU2F1
USP40,KDM5B,COA7,PIAS3
CHKB,MRPL21,RIF1,MIB2
WDR6,MRPL1,MAP4,TPRKB
RPS11,PRPF4B,COTL1,INTS10
POLR2D,SNRPD3,CSE1L,PLCD1
ZNF593,IMP3,DICER1,NCOA5
MED22,STAG1,PSMB5,EXTL2
GAS6,H1-5,SRSF6,PUDP
NOMO2,USP11,RFC4,RAB2B
SMNDC1,ABHD18,BCAS2,F8A1
SPC24,MRPS35,ZPR1,METTL26
SCD,UCHL1,RFC2,GLS2
H4C1,DHX9,STUB1,MED13
DTD1,SMU1,EEF1D,P4HTM
RPS28,HNRNPD,PAICS,SOGA1
MT-ATP8,SDSL,TOMM34,CNOT11
DEF6,DCXR,MRPS28,SMARCAL1
SH3BGRL3,FBXW9,GPRIN1,RBCK1
MTF2,SRRM1,TCF12,NR2F6
CPSF4,MED23,MYL12A,PHC3
POLR2L,RARS2,UTP20,TTC17
H3-4,RBBP6,MRPS18C,TFAP2A
CMBL,VAV2,CSTF2,THAP11
HSPB6,TRIM28,AASDHPPT,GTPBP8
TEX30,MIPEP,RPS20,ADPGK
ISG20,GLOD4,SGTA,LMTK2
MSRB2,PPP4R3A,CFAP20,EI24
PDCD5,H2BC5,RPS18,REL
NSMCE3,LMAN2,NCAPG2,MRPS2
FN3KRP,KIF13A,RFC3,ACYP1
FOXO3,NPC2,HAUS8,PAAF1
ACAT2,ISCU,SF1,PABPN1
C2orf49,ACY1,ANLN,MRPL22
RAB13,PPTC7,NUDC,FBXL20
UROD,RDH13,SH3D19,ACSS2
NOLC1,WASH3P,NUDT15,HSPA1L
TRAF6,POFUT1,GRK6,HPSE
NCOR2,CIAO3,TBCA,HNRNPH2
RBM15B,MRPS11,RRP8,PDXP
RABIF,MRPL23,FDX1,AGPAT3
RPL26L1,GALNT7,DCUN1D5,CCNT2
POLL,HNRNPH1,EZR,KRT16
NUP50,XRCC5,PABPC1,SNRPD1
FNBP1,HMGXB4,ENY2,SLC15A4
RBMX,CCAR1,CIP2A,PSME1
CDIPT,ECHDC1,NTAN1,FXN
RECQL4,MIDEAS,PRMT5,GEMIN8
RPL21,SDF2,TCEA1,BRD7
SNRPA,LUC7L3,YTHDF3,DYRK1A
UBTF,MTOR,CAMSAP1,PLPP6
ZBTB10,PLEKHA5,WDR12,STK33
RBX1,INTS5,CLIC6,CCDC51
REEP4,BRD3,AHSA1,EIF4EBP1
POLR2F,COQ5,MAK16,THUMPD2
PLEKHG4,DGUOK,PAK1IP1,APPL1
VANGL1,TOMM40,NAA25,PRKAB2
SRM,API5,MZT2B,QDPR
TMEM67,MAVS,HUS1,FCHO1
MAGED1,PGAM5,PUM3,DCBLD2
PSAT1,POGLUT2,EIF4B,CIAO2A
TOP2B,ARMCX1,KIF23,CUL7
HYPK,ZC3H12C,PFAS,DMAC2
NAA50,QKI,KHSRP,MTMR3
UCHL3,HDHD2,EXOSC1,TRAPPC1
RPL12,DNPH1,PSMG2,BRI3
MTA1,MRPL10,LARP1,TOLLIP
MRPS24,PTPA,GPKOW,SNRNP48
RNF170,PDF,FASN,SRSF11
RBM28,HNRNPUL1,BAG4,BAX
JUNB,MTG1,LSM12,MRPS12
RPP14,SQSTM1,NOL7,NID2
VBP1,INTS4,CHAF1A,PMM1
RPL10,MRPL16,EED,FKBP9
SMAD3,SRSF7,FUBP1,NT5C
WASL,VLDLR,CCNA2,SREK1
TTK,RNPEP,FANCI,OGA
PTCD1,RASA1,CD44,TEP1
RNGTT,KTN1,LDHB,DALRD3
STAU1,INTS6,EIF1AX,TOMM22
TRIM24,NAGK,RBBP7,ANTKMT
SLC7A1,TFB1M,CLEC16A,EXTL3
MANF,APOBEC3C,LIN7C,TSEN2
PDCD4,PLPBP,TTC1,GTPBP3
RNASEH2A,MTFR1L,IPO5,CLSTN3
TAX1BP3,SH2B1,DIMT1,IFT140
CKAP2,KIAA0319L,C19orf47,OXNAD1
GINS1,MRPL47,RPL4,UNK
RDX,MED24,CORO1C,SETDB1
PSME3,RCC2,MCM3,SHFL
ZMYM3,LRSAM1,PEX19,TRA2B
CLTA,MITD1,EIF3F,MRPL50
IPO11,C1QBP,PRMT1,OSBPL1A
NAA10,ITIH3,UBE2V2,MIEF1
CDC25C,TTC7A,DNMBP,RECQL
HNRNPA0,GSTP1,PANK3,HAUS3
POMT1,EPM2AIP1,MCM6,CENPO
PFN1,NPEPL1,TOP1MT,UBN1
RPL10A,SNX9,NES,TUT1
IQGAP3,IVD,PCBP2,NDUFAF3
DUS3L,HSPD1,GTF2F1,SLC25A15
CCNK,C5orf51,RAD54L,DTNBP1
DGKQ,CSTF3,PGP,VPS13D
PFDN5,SYNPO,C18orf21,PPOX
GSTZ1,WRNIP1,CAP2,ABHD11
CEP43,RNH1,PAIP1,COMMD10
COPS3,NCKIPSD,RPS5,MIOS
UTP15,SMCHD1,TBCB,COPE
NME6,ERI3,MYL6B,SNAP47
RNASEH2C,AGPAT1,ANKRD13A,PRXL2B
ERCC6L,STAG3,RACGAP1,HINT2
NME1,SOD1,EIF6,EMC10
PSMA4,SUMF2,MCMBP,NRIP1
SUGP1,NUDT21,PPAN,RRP7A
SSRP1,ELP2,PPM1G,FKBP11
EZH2,TBL1XR1,SNRPB,STAMBP
YWHAQ,AGO1,GTF2E2,FUT11
FANCG,INTS7,AIF1L,RTCA
ANAPC2,TCERG1,BEND3,MYLK
CNOT3,C11orf68,FKBP4,SNRNP27
RPL27A,EML1,CAB39,VPS18
RPL36,DPCD,UHRF1BP1L,RMDN1
TIAL1,LARP7,SLC7A5,PSMG3
SUMO1,HTT,BUD31,TGOLN2
CDCA8,KIAA1107,CEP131,ZKSCAN8
NT5DC2,CUL5,ADSL,PAOX
HSPA8,FLOT2,SHMT1,ATXN3
PPP3R1,TKT,MCM2,MRPL24
NCL,ZNF121,GEMIN5,ACBD5
SMAP1,INTS13,ARPC5,ASPSCR1
ZFYVE19,NOP58,RFC5,CCDC25
DNTTIP1,XRCC6,CLPX,PKLR
ABCD4,SAP18,CDC37,RPS24
METTL15,BPNT1,YTHDC2,PYCR3
BBS1,GPX7,YY1,DENND11
LPCAT1,GLE1,PLCB3,CENPN
COA7,MRPL39,UACA,TEAD3
RIF1,ISYNA1,CBX3,RFK
MAP4,ACTR5,FDPS,SLC9A1
ACTL6A,TGFBI,ASF1A,RBPMS
COTL1,B3GLCT,BCL2L12,IRF2
POMGNT2,RHOT2,RPL24,GNB1L
CSE1L,FLOT1,MRTO4,ST3GAL4
DICER1,SERPINH1,SLC25A17,TLE3
PSMB5,CBR3,LYRM4,STBD1
SRSF6,MRPL13,CDC42EP1,SETD1A
RFC4,AK1,HSPB1,PTRH1
BCAS2,PLBD1,FTSJ3,RAB6D
ZPR1,SMAD2,DNAJC7,IGSF3
RFC2,SCRN1,TIMM13,ANP32A
STUB1,XPNPEP3,POLE,NDUFS8
UPRT,PTGR2,USP4,CCDC91
EEF1D,LMNB1,POLE3,IQCB1
PAICS,AP5B1,RPL23,DDX41
TOMM34,ARGLU1,AIP,ENPP4
LGALS3,CAND1,IDI1,TBC1D13
MRPS28,EPRS1,SAFB2,TSNAX
GPRIN1,NFIX,WDR70,CNTROB
TCF12,MRPL18,EEF2K,TBC1D17
MYL12A,KDM3A,CYTH3,RCC1
UTP20,PPP1R7,CIT,VPS33B
PSMB1,PAFAH1B2,PBK,EFCAB14
MRPS18C,IRF9,BRAT1,PRPF40A
CASP6,MRPL46,CHCHD2,NMI
DHRS11,SYNE1,HSPA14,RB1
TAF5L,MRPL37,DRG1,BPNT2
MRPL9,DNAJC19,NACA,UBE2D1
UQCR11,ZMYND8,CCT4,TTC21B
CSTF2,MRPL45,RNF126,NUDT2
AASDHPPT,CENPC,CTNNA2,RPS6KA5
RPS20,DDX1,MCM4,CENPB
SGTA,PSIP1,CSNK2B,SP1
CFAP20,ZKSCAN4,EXOSC9,YWHAZ
CUL1,PODXL,AHCY,TBC1D5
RPS18,HSD17B10,VRK1,FNTB
MCM5,SUOX,BZW2,WDR45
NCAPG2,INTS8,RPS3A,BLVRB
RFC3,HNRNPH3,MOCS2,ZZZ3
HAUS8,POR,SMARCC1,UBXN7
SF1,EMC1,EXOSC7,ISCA2
DNAJC17,GALT,NCAPD3,BET1L
PHYKPL,DDX17,PNP,GATB
SMC1B,PRUNE1,APBB1IP,PTBP3
ANLN,AK2,FOCAD,TXNRD3
ALG3,NAXE,PNN,CXXC1
NUDC,PTPMT1,PEBP1,OAT
SRR,SMC1A,CCDC6,GLDC
PPIH,GNB2,TCP1,MIGA1
WDR82,EPHX2,TOP2A,TTC26
SNAPC4,RCC1L,GPATCH2,CASP3
NUDT3,VWA8,INPP5B,PRAME
ALKBH5,AP3B1,SSNA1,LPIN3
SH3D19,GET3,BOP1,FIG4
NUDT15,RGL2,NDUFAF2,CAMLG
GRK6,GLYR1,EIF3B,NSUN4
TBCA,CCAR2,HSPA4L,LRRC8A
PRDX6,FBL,HSPH1,SMDT1
RRP8,NEK9,QRICH1,IDH3B
FDX1,GSR,CCNT1,TMEM192
PSMB2,INTS3,SMYD5,HNRNPM
DCUN1D5,EXOC2,SMARCAD1,OSGEP
PLTP,RRP9,BCCIP,CENPV
UTP14A,GPX1,NUP153,SLC25A40
EZR,APIP,TIPRL,FPGT
GFUS,PMPCA,SLC3A2,SUMF1
PASK,FNBP4,ATAD2,DRAP1
MTURN,UFL1,LRRC8C,CHCHD3
PABPC1,TRMU,MCM7,CPD
ENY2,PRKDC,GTPBP4,MTMR14
CIP2A,PITRM1,POLD3,STX10
NTAN1,PRKACA,HSPBP1,NUBPL
PRMT5,C11orf54,TAF4,TOP3A
TCEA1,DARS2,IQSEC1,PHF21A
YTHDF3,PHPT1,CLIC1,ARF6
CAMSAP1,FARS2,NCDN,MED4
WDR12,CCDC22,MRPS18B,ESRP2
CLIC6,IRAK4,RPL34,SCFD2
AHSA1,DENND6A,NVL,MRPS30
MAK16,TARDBP,FKBP1A,RAI1
UHRF2,CERT1,KDM1A,RIOX1
PAK1IP1,CCDC134,ZNF326,METTL14
NAA25,ZNF22,WWC1,MIF
STK24,COQ6,FTSJ1,BTAF1
MZT2B,MRPS22,JUN,ATG4C
HUS1,NIPSNAP3A,DSP,FANCA
PUM3,NCSTN,ASNS,TAF1
ALDH16A1,PSMD5,TRIP6,HS2ST1
EIF4B,PFKFB4,ACACA,KDM5A
KIF23,GUK1,CBS,LRCH2
PFAS,LSM8,TAGLN3,DCTN5
KHSRP,PAXX,NOP2,KLHL22
EXOSC1,RAD21,PSMA7,MED25
PSMG2,DDX24,DNAJB4,GPATCH8
LARP1,VIPAS39,TXLNG,PIGT
GPKOW,UROS,ACTN4,POP4
PLA2G15,SELENOF,RBM34,SLC2A6
SUPT16H,TOR3A,TTC27,TMEM41A
FASN,CRBN,PLS3,SHOC2
BAG4,CDC42BPB,RPS16,ERGIC3
LSM12,FH,MAPKAPK3,NEFL
NOL7,PGAM1,UMPS,DTNA
CHAF1A,FOXRED1,FAM111A,ZNF629
EED,EPHB2,RIOK1,PUS1
PSMD10,RBM15,RPL27,DDX28
FUBP1,HNRNPR,POLR1E,ACTR6
CCNA2,EXOC1,OCC1,AIMP2
FANCI,METTL13,MED11,TIMM44
CD44,APRT,ELOC,VPS8
LDHB,RINL,ECPAS,FMNL3
EIF1AX,ERLEC1,GAR1,DEGS1
RBBP7,RBM12B,SLC9A3R1,TGFBRAP1
PSMA3,SPG21,PSMA6,CELF2
CLEC16A,TRIOBP,DDX27,DHRS4
LIN7C,LZIC,CAPRIN1,CXADR
ATAT1,ADAR,CDC27,KLHDC10
DCAF5,PIK3R2,SF3B2,FBXL2
NUDT12,PCK2,RNF25,TMEM126A
TTC1,ZNF687,CFL2,C1orf109
IPO5,SCLY,RAP1GDS1,IFI30
MANBA,DNPEP,PSMA2,SPR
DIMT1,LIPA,ATXN10,IFT122
ITPA,ANK2,DDX6,MGMT
C19orf47,EARS2,WDR75,TECPR2
ATAD3B,PSPC1,KNTC1,AKAP8L
RPL4,MRPS27,IPO4,ERAL1
PHF2,PGLS,ANAPC4,ARVCF
CORO1C,EXD2,EIF2B3,NUDT8
MCM3,CTSF,PKN1,RPS6KB2
BAG1,LARS2,EIF2B1,TTC19
FCHSD2,CC2D1B,DDX18,MLYCD
PEX19,ATP11A,MSN,SYNJ1
EIF3F,GDPGP1,SORT1,UBQLN2
PRMT1,ALDH2,CDC23,MBD4
HNRNPA1,ARMCX3,RBM8A,INPP5A
UBE2V2,TP53RK,WDR43,MRRF
PARN,MRM3,LSM14B,MAP3K4
APLP2,CAPG,ZCCHC8,CEP290
RTTN,SPEN,VPS37C,C8orf82
TOMM7,MDP1,C11orf98,NDUFA5
DNMBP,SPNS1,GLRX3,ZER1
ACP6,XXYLT1,YAP1,ACAP2
PANK3,DNM2,EXOSC10,SF3B4
MCM6,TBL2,CSRP1,IGFBP7
TOP1MT,XRN1,HEATR3,IFT52
NES,NIF3L1,RBIS,FKBPL
PCBP2,USP9X,RPS14,MED16
GTF2F1,SUN2,CCT2,TBP
RAD54L,FDXR,DPF2,TIMM21
SYVN1,EIPR1,PAK2,VPS33A
PGP,CS,NAP1L4,GPD2
C18orf21,MT-ND5,SLFN13,KIF16B
HCFC1,CHID1,PWP1,ARHGEF16
CAP2,THNSL1,PA2G4,MRPL55
PAIP1,BST1,PPP2R1B,AP3S1
RPS5,CRKL,SMARCA4,THTPA
TBCB,IGF2BP1,HDAC2,TENT2
HNRNPA2B1,HEXA,GON7,TAF15
MYL6B,PURA,POLR3D,HAUS5
ANKRD13A,SPRYD4,ABCE1,CAVIN3
PPP1R3G,MTMR9,PCNP,C4orf3
CHD6,ECI1,GTF2F2,ZFYVE26
RACGAP1,CHKA,UBQLN1,NUDT16L1
BTD,USP28,TPP2,RAPGEF2
EIF6,POLR2H,URB1,SLC27A2
MCMBP,SLC30A9,S100A16,CLMN
PPAN,FBXL15,MAPRE2,STX8
PPM1G,THRAP3,GRSF1,CPTP
SNRPB,IFITM3,CCT3,CADM1
GTF2E2,MYEF2,PEA15,INTS1
AIF1L,ANPEP,CEBPZ,PLAUR
BEND3,RAB11B,OLA1,BRPF1
FKBP4,OSBP,NIP7,NQO2
AMZ2,SNX21,MAD2L1,IRF2BP1
DECR2,CLN5,RNF2,RBPJ
CAB39,G6PD,ACOT7,WDTC1
GLA,VAMP7,MTREX,SNAP91
UHRF1BP1L,EXOC4,NAP1L1,SFPQ
SLC7A5,TOM1,DHX36,MRPS16
BUD31,GDAP1,HGS,TRNAU1AP
CEP131,PKP3,ARID1A,LONP2
ADSL,ACSF3,DDB1,SLC35A4
SHMT1,FMNL2,PITPNB,COX7A2
MCM2,CDK5,PLCB4,NIBAN2
GSTM4,SMC3,AMMECR1L,PPIL3
FAM102B,MMAA,RASA3,SDCBP
GEMIN5,UBLCP1,SUGT1,IFI35
RALYL,ATP5F1C,PSMF1,MPDZ
TXNL1,FAM120B,TRMT1,ARHGAP39
ARPC5,LMNA,ZC3H15,NDUFB11
DERA,SRSF1,MAGOHB,TMEM223
RFC5,UGDH,RPL31,PARG
PIGQ,VPS39,KIF2C,PIP4P2
CLPX,SUGP2,ARMC6,ATP6AP2
SNRPF,DCTN6,ACTB,ZNF592
CDC37,TUFM,DDAH1,NUP42
BBS7,ABR,TWF1,LMNB2
ACSL1,PNPLA4,SENP6,CCNE1
YTHDC2,DDAH2,NDUFA6,NECTIN3
POP1,ARHGAP5,EMG1,STRBP
GSK3A,WDR91,LRRFIP1,CHD3
YY1,MICOS13,HNRNPAB,TRIM3
H1-2,SEC14L2,KARS1,NDUFAF6
PLCB3,ATP5PO,GRWD1,TUBA3E
UACA,CABIN1,ITGA6,PHC2
ZNF384,MPV17,CHMP5,NBEAL1
LOXL2,MTDH,PRSS21,ELF2
CBX3,CBR4,HSP90AB1,VPS25
ULK1,MYH10,REXO2,TXNL4A
FDPS,SEPTIN2,ZC3H7A,MED7
ASF1A,COASY,MAPK14,DAZAP1
BCL2L12,UBA1,UCHL5,SALL2
MRPS17,PMS2,PCM1,SMC6
RPL24,PCTP,DNAAF5,ARAP3
MRTO4,SYNE2,EXOSC6,PTPRJ
SLC25A17,MCUR1,RBBP4,CBX5
LYRM4,KYAT3,DFFA,MRPL4
CDC42EP1,NUDT14,YBX1,KCTD18
HSPB1,ANKZF1,EIF3K,FASTKD5
FTSJ3,CCNY,PSMB6,STAT6
DNAJC7,APTX,EIF3I,CIC
COMTD1,DKC1,RRP36,OGDHL
TIMM13,CZIB,POLA1,MRPL3
SRXN1,EXOC8,APBB2,NFIC
ARID2,GHITM,GMPS,POGLUT3
POLE,UAP1L1,FASTKD2,DPH6
USP4,STOML2,BAIAP2,RALB
POLE3,ADGRG1,NSUN2,ATXN1L
RPL23,ICE2,UPF1,ERBB2
AIP,OVCA2,EXOSC8,POGZ
NISCH,BROX,XPO4,STX16
NAB1,RRAGA,CNOT7,PPIE
PSMB3,DNAJC13,DHX29,NBN
MRPS31,CASP7,CPNE3,MRPL28
SCO1,SLC25A5,WDR62,EIF2AK4
IDI1,PRDX2,BUB3,MTG2
SAFB2,SNTB2,TONSL,POLDIP2
WDR70,MMAB,EIF3A,TBRG4
EEF2K,VPS26A,CWC27,FRA10AC1
RPL7A,MYOF,CCT8,NDOR1
CYTH3,CTBP1,NSA2,PSMG4
KBTBD4,HUWE1,SLC9A3R2,CEP250
FASTKD1,LAMTOR1,EHMT2,SEPTIN11
RNF167,CARMIL1,RPS4X,HNRNPF
CIT,PLXNA3,ANKMY2,RAB33B
PBK,ARL2,QTRT2,YWHAB
H3-2,DCAKD,CYB5R4,ZCCHC3
BRAT1,ATAD3A,VCP,ITPKA
CHCHD2,MINPP1,PSMA5,HS1BP3
HSPA14,C9orf64,DDX21,TBC1D2B
DRG1,IBA57,LRRC40,ARMT1
PRR14,TSPAN6,CCT7,MCAT
RPL18A,KHNYN,PDRG1,MRPS5
COPS2,SPTBN1,GPHN,RPS6KB1
NACA,COLGALT1,RABEP1,MRPS15
OSCP1,UBE2L6,ARHGAP10,RINT1
CCT4,C17orf80,UTP11,BIN1
RNF126,TMED1,FAM111B,SEC24C
CTNNA2,USP39,DENR,CAMSAP3
MCM4,DPM1,NUDCD3,ZEB2
CSNK2B,TRMT10C,CELF1,INTS14
EXOSC9,TSFM,SPAG5,WDR37
AHCY,TMEM259,SNW1,PAXBP1
VRK1,LRBA,CDC5L,DENND10P1
BZW2,NOVA1,CEBPB,MRPL43
MEMO1,RPA1,RALGPS2,NOL9
H3C1,PTK7,UBE3A,RHOT1
RPS3A,FARP1,AHNAK,MPP2
MOCS2,DIABLO,PES1,ANKRD27
VPS26C,PSMB8,TTC4,CPSF6
RMND5A,NUP210,PRKAG2,PNPT1
SMARCC1,ALDOA,PRIM1,PGS1
H3-3A,GPR143,NSUN5,FHOD1
RHBDD2,IQGAP1,USP1,SIGIRR
RTN4IP1,MOXD1,DNMT1,SFXN2
RNF214,ADD1,SUMO2,RPTOR
EXOSC7,FMR1,LSM1,SYNJ2
RABL2A,VARS2,CCT6A,TRPC4AP
FCHSD1,PPIG,KCTD14,KIAA1522
MRPL27,METTL7B,WDR48,MED14
FUNDC1,PPP2R5A,CCT5,FEM1B
ILF3,TOMM70,DDX55,MARCHF7
TXNDC17,ABRAXAS2,SAV1,WDR19
HNRNPL,NIT2,EXOSC4,ABCB6
OSBP2,WARS2,NKRF,ACOT8
NCAPD3,SDHB,PPID,SCO2
PNP,PDCD6,RAD51AP1,TMEM181
APBB1IP,ARMCX2,ALYREF,MED13L
PHAF1,LCMT1,MDC1,VPS13B
HIRA,TOP3B,AJUBA,P3H1
MAPKAPK2,ZHX2,SEPTIN9,YIF1A
FOCAD,VIM,PAPOLA,PPIF
LRIG2,CBR1,TWF2,SEC24B
PNN,MPST,ACTC1,OTUD7B
RALY,LRRC14,NOP10,PSMD14
PEBP1,CAPZA2,TARS1,AFF4
CCDC6,PPP1R21,CLASP2,YEATS2
MRPL11,RNMT,PRPS2,CAMK1
RPP38,RO60,DYNLRB1,GLT8D1
PEMT,APOO,ASF1B,ADGRL2
TCP1,RIDA,PPP5C,MYO18A
TOP2A,SUCLG1,WDR46,LRRC8E
GPATCH2,SPTAN1,NACA4P,PHKA2
RFX1,CPT2,CCNB1,JUP
ILF2,TKFC,EIF3M,MRPL15
COL18A1,EXOC5,CSK,COX7C
DIAPH1,PADI3,UNC13D,LAGE3
INPP5B,ALDH7A1,PICALM,EHHADH
SSNA1,SLC25A12,ANAPC5,BNIP2
BRD2,AKAP17A,ELAC2,CPNE2
BOP1,ALAD,KIF18B,NDUFAF5
NDUFAF2,ABCB8,ME1,SRRT
EIF3B,EML3,TNPO1,RUNX1
HSPA4L,AGO3,RBM17,TMED9
HSPH1,WDFY1,NRDC,CMPK1
QRICH1,ATRX,DESI2,APBA3
PSMB4,HSPA9,PDLIM7,MTRES1
MSH3,NPEPPS,ORC3,CTCF
MAN2C1,DPYSL2,RRS1,NELFCD
ABCF3,CYP20A1,RANBP3,PTTG1IP
DOLPP1,CRYZ,RPL6,ABTB1
AMDHD2,PRDX4,LIMS2,EP400
CCNT1,GATD3B,HSPA1A,KCT2
NAB2,TP53BP1,FADS2,AGPAT5
SMYD5,LTA4H,NAA15,THOC7
SMARCAD1,RMDN3,PHKB,DERL2
BCCIP,RSBN1,STK39,XRCC1
SRP14,SMPD4,UBE2G1,NCK2
WRAP73,GUSB,XRN2,CLMP
NUP153,AP3M2,KIF20B,SP3
TIPRL,HLA-E,BUB1B,EEA1
SLC3A2,TTLL12,TUBB6,MED1
ATAD2,GUF1,ESPL1,AAAS
LRRC8C,PNKP,PSMC4,ZMYM4
PTBP1,DNAJC3,NTMT1,WDR35
MTAP,PRKRA,RFC1,MAPK7
MCM7,MTIF2,POLD1,SRP54
GTPBP4,CTSL,NOA1,HNRNPCL3
H3C15,FTO,TPX2,PTGFRN
POLD3,MTHFR,G3BP1,LNPEP
THG1L,NDUFA12,ASCC1,SRC
GOT1,MAP1S,GTF2E1,MAGT1
HSPBP1,TUBA4A,XPO5,STS
TAF4,SNTA1,CNOT1,S100A6
HNRNPK,PPT1,ILKAP,AP1G2
WDR81,ALDH4A1,CPSF3,WDR33
IQSEC1,PRKD3,DYNC1LI1,LRRC47
NR2C2,SERPINB6,UBE4B,WIPI2
CLIC1,NME4,STAU2,PFN2
NCDN,MIA2,CDYL,ATM
MRPS18B,ACSS3,PHACTR4,ATP5MJ
RPL34,ANKFY1,MAPRE1,HLCS
NVL,COL6A2,BSDC1,BCOR
MPC2,GALNS,CCNH,CA13
FKBP1A,HADH,COMMD4,EIF2B4
DNASE2,ESD,STRAP,OSBPL5
INO80,ILVBL,PIN1,RBBP9
KDM1A,AUH,PUF60,METAP2
DBNL,GNB1,FBXL18,FKBP5
RBM14,NCK1,DDX42,INTS2
ZNF326,ESYT1,NCAPH2,ITGA2
PAAT,RTN2,PSMC5,ARL6
ADCY7,PARP10,RBM4,GALM
MT2A,TRPM7,BOD1,PDCD7
WWC1,MCM3AP,GART,PARD6B
OTUD1,CDK5RAP3,AKAP1,NOL8
FTSJ1,WARS1,USP16,NACA2
NAA35,RAI14,BCL10,PDZD8
JUN,EPHX1,EIF3D,MADD
COMMD2,GGPS1,HSPA4,PPP1R37
DSP,RPRD1B,FANCD2,NDC1
TRAF1,ATP6V0C,EGFR,ABCB10
ASNS,MRPS25,CNTNAP1,MLKL
SF3A1,CD81,CTTN,WAC
TRIP6,AIFM1,NGDN,SH3BGRL
ACACA,SCFD1,FIBP,SHMT2
DHX32,SLC2A1,EIF3H,BCAS3
CBS,IL6ST,MDN1,FKBP15
TAGLN3,ADD3,RAD54B,HAGH
NOP2,PPP1CB,RBMS2,MARCHF5
RNF31,DHODH,ORC2,MARS2
TALDO1,ACO1,CUL4A,SLC44A2
PSMA7,XPC,ATXN2L,IRAK1
DNAJB4,AHCYL1,RPS8,SNU13
TXLNG,SELENOH,MAP1B,DCAF1
ACTN4,PDS5B,TXNDC5,DIDO1
SLC12A7,EPB41,RPAP1,ZFYVE27
SYPL1,SVIL,GSPT1,CLCC1
PSMA1,FIS1,PHGDH,PRPH
UBAC1,PHYHD1,OCLN,TIA1
RBM34,COX15,BUB1,DCP1B
HK2,SLC25A3,KIF5B,WFS1
SNRPA1,NOP56,MTMR2,PTP4A3
CYBRD1,SLC25A6,LPP,TEX10
TTC27,TECR,EIF4G2,ABI3
PLS3,EMC7,POLR2E,PPWD1
PPCDC,WDR13,PPP2R5D,CHMP2A
RPS16,PHF1,PPP2R1A,SET
MAPKAPK3,SENP1,PPA1,PAK1
MFSD12,DDX23,RAB11FIP1,KMT2C
UMPS,GOT2,MAP3K20,THAP12
FAM169A,HNRNPUL2,WDR77,GCC1
FAM111A,COPA,DCTN3,RP2
ABHD16A,ODR4,PSME4,EIF2B5
RIOK1,ARHGAP4,SMAD4,OSBPL7
RPL27,PTPRA,FAM83H,RAB35
POLR1E,H2BU1,TFDP1,SAP130
GAPDH,TM9SF1,PIN4,GTF2H4
OCC1,FAIM,C19orf25,RETSAT
MED11,ACAA2,BUD13,GCA
ELOC,RAB31,DCTN2,SMAD5
ECPAS,PLOD1,ABCF2,UBAC2
GAR1,IAH1,CTPS1,SDF2L1
SLC9A3R1,MUL1,DVL2,ATP6V0D1
KAT14,FOXK1,ZNF644,DDHD2
PSMA6,SUCLA2,CUEDC2,RPL28
DDX27,ATP13A1,FPGS,MRPS14
POMK,UBXN6,ID1,BRIX1
LDB1,HERC5,PSMD9,DUSP12
HPRT1,RXRA,PSME3IP1,PRMT9
RLF,NDUFA10,NELFE,TRAP1
CAPRIN1,TTC38,WDR1,CHERP
DAZAP2,COQ9,IMPDH2,ZMIZ1
CDC27,DENND4C,NUDT1,DDX50
USE1,SAMD9,SDAD1,ZBTB33
PBX2,CYC1,EIF4E2,NGLY1
SF3B2,SLC44A1,RPL7L1,VAMP8
RNF25,ATP5MG,UBAP2,CYTH2
HNRNPDL,OBSL1,EFHD1,GMEB1
CFL2,GALK2,TTF2,H2AC4
DOP1B,NDUFAF1,KLC1,PAN2
RAP1GDS1,CLN3,BAG3,KDM1B
MYF6,ACAT1,SMARCA5,RARS1
PSMA2,GRID2,MYBBP1A,RAB5B
GCDH,SUPV3L1,CKAP5,XRCC4
ATXN10,CARS2,KPNA3,MALSU1
DDX6,IRF2BPL,EIF3L,TRIP4
WDR75,DLD,TTI1,PIK3R1
KNTC1,SEC23IP,CTNNB1,BRCC3
IPO4,IDH3A,PACSIN3,OTUB1
IPO13,LANCL1,GEMIN4,EXOG
ANAPC4,MTX2,KMT2A,G6PC3
DDT,STARD10,ARPC1A,RCE1
CRYM,NF1,TJP2,NRF1
BET1,VPS11,PHIP,NCOA2
BBX,SLC25A11,POLR1C,POM121C
EIF2B3,TRNT1,PSMD2,LGALS1
PKN1,ALG11,MVK,ALDH9A1
CENPK,NUB1,UBL7,RBFOX2
EIF2B1,ZNF618,ATIC,OTUD6B
DDX18,EPB41L1,MTCL1,LRCH1
CEP170B,LONP1,RAD18,SRSF2
SAMD4B,ERCC4,DDX3X,NUP214
CAMK1D,TBC1D8B,TRUB2,TAOK1
MSN,VPS16,MLLT11,EDEM3
PGD,MTCH2,KIFC1,TRAPPC10
MATR3,PAFAH1B3,VPS37A,ARFGAP3
SORT1,NDUFS2,TRIM33,RIPK1
FBXO6,PHB,KPNA6,TUBB3
BDH1,ECHS1,ZNHIT2,ORC1
CDC23,PHB2,NOL11,MRPS10
ITPR1,RRAD,RANGAP1,PABPC3
RBM8A,SCRN3,SPATS2,NUS1
WDR43,MFSD3,UBE2S,BRAP
LSM14B,ASAP1,MTHFD1,SNX2
PCBP3,GTPBP6,MLF2,PLIN3
ACAD8,GNL1,VTA1,STIM1
ZCCHC8,MYO1C,TRIO,SNX5
RPA3,P3H4,PDE12,MED18
VPS37C,SYDE1,CTNNA1,FAM114A2
C11orf98,NBAS,SMAP,MGST2
GLRX3,HSD17B8,YARS1,NONO
YAP1,PPIB,TBC1D2,SLC35B2
ALS2,LSG1,UBE2H,LYPLA1
EXOSC10,ME2,DDX20,CDK18
CSRP1,SEPTIN6,MRGBP,NDUFAF4
CDK16,DECR1,KPNB1,UBE4A
BCS1L,PFKL,KIFBP,CDH2
GTF2H2,ATP6V1A,MYH9,NFYC
HEATR3,LETM1,SYAP1,PDSS2
CACNA2D1,ATP5F1B,UTP4,CLCN3
RBIS,SLC26A6,CDKN2A,TNFAIP8
PCGF5,ATAD1,PSMD1,PRPF31
GTF2I,AKR7A2,ANKHD1,GRK2
RPS14,THOC6,UBXN1,NEK7
SMUG1,SLC25A13,SPECC1L,SMARCA2
CCT2,DCLK1,EIF2A,GATAD1
MTHFSD,ATP11B,SUMO3,GTPBP1
DPF2,BRMS1L,GIGYF2,RBM45
PAK2,PTPN6,ADGRG6,ENDOD1
NAP1L4,SAMM50,TP53,TUBGCP6
EGLN1,RUFY1,REPS1,MYSM1
SLFN13,DLAT,AARSD1,CPSF7
PPT2,AGK,TNRC6A,MBNL2
PWP1,NDUFAF7,TNFRSF10A,MYO1E
PA2G4,YARS2,CHORDC1,NUDT5
PPP2R1B,CCNL1,BOD1L1,HSP90AB3P
SMARCA4,HYOU1,EIF4G1,RASSF2
HDAC2,PYROXD2,USP15,MTA3
GON7,AARS2,CIAO2B,AGO2
HSPA6,ABHD14B,DNAJB1,SCAF4
POLR3D,NAXD,CBL,ARPIN
KCTD21,EFL1,E2F3,NANS
ABCE1,RDH10,ARPC5L,NFU1
VRK2,SSBP1,NIFK,NT5DC1
DNAJB2,TTC37,TXLNA,TRIM65
NR3C1,VPS35L,SRP19,GMPPA
NUTF2,IDH3G,PPP1CA,DAB2IP
DYNLT2B,LIMK1,OSBPL11,RTCB
KIAA1109,COG7,RAB8A,VAC14
PCNP,KIF3B,EIF2S1,RPLP0
INTS9,ZC3HAV1L,UNC45A,HOMER1
PHRF1,MACROD1,ACTG1,PRKAG1
GTF2F2,MCCC2,EIF4A1,UBA3
UBQLN1,ARL6IP4,ZNF24,SIN3A
TPP2,SMG5,GNL2,EMC4
SEPHS1,PTPRG,U2SURP,LIG3
URB1,AP2A2,CDCA2,PARP3
S100A16,ENO1,G3BP2,CNNM3
NUMA1,KYAT1,MAEA,SHPK
MAPRE2,KANK2,MOB1B,IER3IP1
GRSF1,MCU,HEATR6,PARL
CCT3,ATP5F1A,SOAT1,KAT6A
DCPS,NOMO1,CHAC2,NSF
PEA15,ANXA6,LARP4B,PPIL1
CEBPZ,VAT1,FADS1,NAT10
PSMD4,GNAI3,HAT1,PARP1
DSCC1,PI4KA,XPOT,CLPP
GCSH,MYO1D,YTHDF2,CSPG4
OLA1,FAHD2A,ANAPC7,ATP6AP1
NIP7,LZTFL1,PTPN11,GYS1
FLYWCH1,KIAA2013,KIF21A,RANBP2
MAD2L1,UQCRFS1,SLK,PCNX3
RNF2,FSD1,TACC3,PIK3CA
ACOT7,VDAC3,GET4,GGCT
MTREX,IST1,ANKRD17,ERCC3
HSPB2,GPAA1,PMS1,PLOD3
EOGT,PDK1,ASPM,PUM2
NAP1L1,LYPLA2,ATP6V1G1,PIGK
RETREG2,HDHD5,GNL3L,FKBP2
NEU1,COPG2,NAF1,RBMX2
CTSZ,AASS,AP2B1,GOSR2
CLCN7,COL4A4,GNL3,RBM39
DHX36,DNAJA3,PRIM2,ARFGEF2
DNAJC2,RNF213,CHM,MAP1A
COQ8A,ATP6V1B2,CDC40,CAV2
GPR180,MDH2,EPS15L1,ANXA7
HGS,HADHB,EIF3E,CMIP
ARID1A,SKIV2L,RNF20,HPS6
SIX5,L2HGDH,BCL7C,SPCS1
TRPT1,RALGAPB,PAK4,NAT14
DDB1,LAMB2,RBM7,DDX59
HNRNPA3,BLMH,SNX14,PEX11B
ZDHHC13,PGPEP1,PSMD3,LAS1L
PITPNB,TRIM47,ADAM9,SSH3
TTPAL,CUTC,MLH1,SLMAP
PLCB4,SPG7,AAGAB,C17orf75
AMMECR1L,DYNC2H1,RABGAP1,TPT1
ATPAF2,ERLIN2,DNA2,PRORP
ICMT,RPN2,KPNA1,MEPCE
RASA3,XPNPEP1,PPIL2,GNG7
SUGT1,ATP5MF,AURKA,CUTA
THUMPD1,TMEM87B,MPP1,PTP4A2
PSMF1,SIRT3,UBE2E1,MED19
SF3B1,MRS2,CHD1,DIP2C
PIP4K2A,PIK3CD,ENAH,COPS8
TRMT1,GLB1,BYSL,EIF4A3
NTHL1,DNAJC11,DHX30,ERO1B
PPIP5K1,TOR1AIP1,ADSS2,NUP160
ZC3H15,PMPCB,RBP7,PPP1R10
MAGOHB,AGL,PWP2,IRF2BP2
H2AZ1,LMF2,SLC1A5,MYO7B
RPL31,SEPTIN8,INCENP,EIF4ENIF1
KIF2C,PRDX3,ACLY,AP4E1
H1-10,HECTD4,FLNC,AGFG1
KIAA1549L,DARS1,MPZL1,HSPE1
ARMC6,STOM,IWS1,MAT2B
ACTB,GCLC,SCYL2,TAPT1
MT-ND4,HDHD3,CLUH,YWHAE
DDAH1,MFN2,CPSF2,SERPINB8
AP5S1,ARHGAP35,CEP97,RAD23B
TWF1,PYGB,MTHFD2,NUP58
SENP6,SEC13,PTPN2,CCDC102A
NDUFA6,CA2,PRPS1,U2AF1
NHEJ1,CD63,AURKB,CMTR1
EMG1,SLC12A9,PPAT,RAE1
RBMXL1,TARS2,BUD23,PHF3
RAB20,MRPL2,EIF3G,NDUFV2
DNAJA4,NDUFB1,PYGL,TIMM17B
ALG2,SNX18,SPAG9,ARFRP1
LRRFIP1,GRHPR,EPB41L3,PREP
HNRNPAB,RALBP1,GABARAPL2,SPIN1
KARS1,CPOX,TIMELESS,SACS
MAPK12,ITGA1,KIAA1671,CYCS
CUL2,GGH,DPH5,TLCD4
CRADD,ALDH3A2,OBI1,PGM3
STIM2,GNS,PALS2,TRMT61B
TACO1,MCCC1,MEIOC,HDGFL2
IMPACT,GFOD2,VARS1,ATP11C
GRWD1,SND1,EEF2,LPCAT3
ITGA6,NDRG1,IGF2R,DFFB
SMARCD1,HIBCH,PLAA,SEC63
BMPR2,IMMT,ACTN1,DLG1
APEX1,ECHDC3,PPP1R9B,TIMM22
CHMP5,GLUD1,UAP1,TRABD
TBCEL,APMAP,INPP4B,STK38
PRSS21,P3H3,LASP1,RAVER2
HSP90AB1,TRIM25,EDF1,IFT20
CSGALNACT2,SEC23A,CTTNBP2NL,TMEM62
IRS2,CPS1,ZNRD2,SMARCD2
IRS4,HSDL1,CIAO1,INPPL1
REXO2,REEP5,MED17,PTPN23
VAPA,ARL3,BAZ2A,BTF3L4
MMP14,FAHD1,WDR76,ETHE1
SELENBP1,MOCS3,TGFB1I1,SART3
ZC3H7A,UGGT1,ITM2C,MTHFS
WDR5,NCLN,RRP1B,CBWD2
MAPK14,PGM2L1,AKAP12,DOCK9
UCHL5,LPIN2,SYNE3,GNA15
PCM1,WDR59,KAT7,STK11IP
RAVER1,LYPLAL1,BAG6,CHD9
DNAAF5,HPCAL1,PSMD6,NR2C2AP
UQCC3,MT-CO2,ILK,RPL9
TRMT5,GALE,EEF1A1,UBA2
EXOSC6,HTRA2,SH3RF1,GNA13
RBBP4,GANAB,CAPN2,EHD2
GFPT2,CARD19,CAP1,THOC1
MRPL17,MINK1,KAT8,THOP1
SUFU,PDHA1,CGGBP1,TNIP1
DFFA,IARS2,ERBIN,UPF2
H2AX,CTBS,PPP2CA,STAT5B
IREB2,BCAT2,EIF3C,BRD4
MRPL19,AFG3L2,EXT1,DGCR8
YBX1,GLIPR2,EVI5L,RNF14
MRPL20,SLC12A2,RBM22,PNPO
EIF3K,SLC27A1,SPATA5,COX11
DNAJC30,GNPDA1,GTF2B,STAG2
PSMB6,HTATIP2,SORD,PITPNA
EIF3I,LRRC57,GARS1,MRPL35
RRP36,PRDX5,TBC1D4,CTPS2
AHNAK2,NUP54,PPP2R5E,TUBGCP4
POLA1,DDOST,HEATR1,GOLPH3
DSC2,SARS2,ALKBH2,ING3
SPG11,NADK2,MEAF6,EMSY
MMGT1,SEC31A,NOP14,PCYT1A
APBB2,CTSC,PIK3C3,LIMCH1
MVB12A,FAF2,FAM193A,MME
GMPS,NTPCR,SETD3,PITHD1
FASTKD2,CHEK2,UQCRH,STAM2
BAIAP2,BCKDHA,TBL3,BCLAF1
B3GNTL1,DOCK6,PSMC1,NUDT4B
TRADD,HP1BP3,ARFGEF1,PELP1
NSUN2,VAPB,ACTBL2,DOCK1
UPF1,ABCA3,MMACHC,UBE2F
LAP3,MACROH2A2,POLR3B,EYA3
HKDC1,MRPL48,MAPT,MTSS2
MTARC1,SNX33,LMCD1,YES1
EXOSC8,ME3,WDR3,NUP133
FOXD1,CPNE1,PALLD,FAM171A1
XPO4,ASMTL,MAP4K5,TSEN34
CNOT7,LRATD2,MTA2,MTERF3
SDHD,ECI2,CSRP2,STXBP2
KBTBD6,PRPF38A,KIF1B,GDI2
GSTO1,TMED10,SRPK1,TRMT1L
RBM26,UQCRC2,PM20D2,FARSB
C3orf38,CTSA,PUM1,NUP98
MYG1,TBC1D9B,JMJD6,CSTF1
HPS3,PRPF38B,CSDE1,PDE6D
DHX29,TCIRG1,RBM6,MAP4K4
CTSH,SEC11A,UCK2,ITM2B
RING1,CCS,FLNB,GOSR1
CPNE3,BPHL,CSNK2A1,FAM8A1
WDR62,HEXB,MKLN1,OCIAD1
KBTBD11,PTGR1,IQSEC3,BRD1
BUB3,STT3B,FXR1,GFM1
SLC25A10,TNKS1BP1,CYP51A1,TMED4
TONSL,ADPRS,SLC6A15,MYO10
MRPL38,ATP5PB,NRK,TRAPPC11
MTR,HADHA,NSFL1C,CCNL2
ARPC1B,FYCO1,CKAP2L,RAP1A
EIF3A,DLST,TFB2M,UNC119B
TMX4,SIRT5,OCRL,PCMT1
ESCO2,COMT,EIF2S2,ARMC1
CWC27,ALDH18A1,BAZ1A,UBE2N
DEPDC5,DHTKD1,KIF11,DMAP1
CCT8,GK,OGFOD1,DPP3
NT5C3A,IFT27,CLIP1,SNX8
NSA2,TOR2A,FLNA,B4GAT1
SLC9A3R2,RBM47,BCR,RXRB
EHMT2,MCAM,CNN3,GATD1
H1-4,SARDH,ALCAM,QTRT1
SCAI,SDHA,NDUFS5,GAK
RPS4X,STAT3,CDC73,CAPN7
B2M,PSME2,ASH2L,GPX8
UBQLN4,ETFB,IPO7,CNPY2
RNASEH1,SGPL1,IQSEC2,SPIRE1
ANKMY2,NNT,NUFIP2,ANXA2
QTRT2,ARMC10,IKBKG,BLOC1S6
LMAN2L,EPDR1,CCZ1B,COMMD7
SNRPE,LRP1,PDLIM5,VPS35
CYB5R4,MLX,PSMD11,TTC28
VCP,COX6C,KIN,TATDN1
WDR24,ACO2,ZW10,USP7
PSMA5,ABHD10,WEE1,UGP2
PBRM1,WLS,CASC3,TECPR1
DDX21,GGCX,USP10,PPCS
LRRC40,MICU1,CHMP2B,RAP2B
CCT7,ETFA,DYNC1I2,ARID1B
PDRG1,MAN2B1,TJP1,SREBF1
GPHN,DBT,PUS7L,ARPC2
WDFY3,GBE1,MEF2D,CACTIN
RABEP1,PRKCSH,HBS1L,DNAJC1
RPS27A,KDSR,SLC20A2,ZRANB2
ARHGAP10,SLC25A1,WDR74,KRT13
UTP11,TXNRD2,HERC2,CDC16
ESPNL,SLFN5,NOP16,PSAP
FAM111B,ACOT9,SEC14L1,GMEB2
DENR,RAB7A,TYMS,TUBB8
HPDL,PRCP,FOSL1,SNX15
ELP3,SLC25A21,KIF18A,NAA38
NUDCD3,EMC3,PRC1,SEL1L
CDK13,PIGS,GPATCH11,CDR2
DPYSL5,ANXA4,MICB,COMMD3
TMEM14C,HSDL2,CKB,CENPH
PDCD10,STEAP3,MAP7D1,ARHGEF6
CELF1,HMGCL,NOSIP,KAT2A
TDG,PCYOX1,RHEB,LENG8
SPAG5,SPATA20,RNF40,ZC3HAV1
FCSK,NIT1,PHAX,STX18
TEAD1,ALDH1B1,ZNF346,IFT81
U2AF2,POGLUT1,OSBPL9,PDCD11
SNW1,CYRIA,THOC3,MRPS6
MAPK1,MT-ATP6,PRKAR1B,INTS11
CDC5L,KDM8,CNN2,RPRD1A
TAMM41,PARS2,CCNDBP1,DDX52
CEBPB,HEG1,UBE2Q1,ALG1
KDM5C,RAD50,NEDD4L,GTF3C2
RALGPS2,MRC2,IVNS1ABP,NELFA
UBE3A,NFS1,CAMSAP2,TCP11L1
AHNAK,IGF2BP2,CRNKL1,DDX46
KBTBD2,VPS13C,C18orf25,UBE2O
PES1,MTFP1,MVD,ATP6V0A1
ANP32E,FAM120C,ANXA1,ERLIN1
IMPA2,RABL3,FLII,TSR1
UBE3B,NDUFA9,LIMS1,ATF7
AFF1,RETREG3,ZNF598,EEFSEC
COMMD5,ACOT1,DBN1,AATF
TTC30A,SLC16A1,CAD,THOC2
TIAM1,ITPR3,CLINT1,FOXJ2
NCOA4,KIF13B,GRB2,LRPPRC
TTC4,MPI,DST,NAE1
ZDHHC17,TLN2,SWAP70,COPS6
RIN1,ERMP1,KIF1C,SENP3
DHRS13,IKBIP,TARBP2,RPA2
CUL9,PPL,MEN1,STRADA
PRKAG2,ABHD17B,CEP170,GMIP
SIRT2,RRAS,VPS53,LGMN
JAM2,RBL2,KLF16,PACS1
PRIM1,TMED7,CDC34,PRKAR2A
NSUN5,ACAD11,MBIP,RBBP5
CYBC1,LCLAT1,CENPM,TUBGCP3
FBH1,CANX,RASAL2,JMY
FBXO42,DAD1,SELENOO,NUP205
POLG2,ISOC2,OSBPL8,FGD6
ATG13,RMND1,EPB41L2,HINT3
RELCH,ZFYVE1,TRIM37,RUFY2
USP1,PDIA4,SMS,PRPF3
DNMT1,TMLHE,PARVA,CLIC2
SUMO2,PLXNB2,CAST,SYNRG
NUDT19,NARS2,HEXIM1,SNRNP70
LSM1,NDUFS3,RPL38,TMEM87A
CCT6A,MTARC2,WBP4,APPBP2
KCTD14,BPGM,MACF1,SACM1L
TEFM,RAB8B,ARHGEF2,SMG1
IGF1R,NIPSNAP2,ATXN2,COG6
WDR48,SEPSECS,CHCHD4,SLC25A52
ZNF292,HARS2,SLFN11,STK25
CCT5,ABCC1,PARD3,SF3B3
UEVLD,ERP44,KIAA1143,CDK11B
DDX55,ADH5,MCFD2,KRT8
PHKA1,MPG,PPP2R2A,MTPAP
NCBP2AS2,IFT80,EPHA2,DIS3
SAV1,NMT2,LDLR,EFHD2
POGK,ALDH5A1,SLC4A1AP,EPN1
EXOSC4,TOMM40L,CLIC4,PLD2
NKRF,TM9SF4,EIF5B,GAB1
PPID,HSP90B1,GRIPAP1,ATG9A
RAD51AP1,PGGHG,ARHGDIB,ABHD13
IRF3,PTGES2,HLTF,TUT4
ALYREF,MAIP1,DHX8,RPL13A
MDC1,CTHRC1,SHCBP1,FEN1
MSL3,PTER,JPT1,TRMT11
AJUBA,CYB5R3,SBNO1,CFAP418
PARK7,QPRT,DHX40,SNRPGP15
SEPTIN9,SERPINB9,KIF22,BAP18
VPS26B,POMGNT1,RAPH1,YWHAG
PAPOLA,NDUFB5,ARHGEF28,STYX
AP5Z1,TMX3,GPRC5A,DYSF
GLI2,KRT71,ZYX,USP5
TWF2,SDR39U1,DHX16,PMM2
ACTC1,MACROH2A1,PRRC2C,IDH1
S100A9,DNM1,AMOTL2,SCAMP1
NOP10,FAM210A,PRRC2A,TERF2
PEF1,HDGFL3,NPRL3,TRRAP
ARHGEF40,TTC7B,WDR41,ZC3H7B
ACADSB,TMEM245,AXL,ARFIP2
TARS1,PITPNM1,MICALL1,RPL18
CLASP2,NDUFS7,CD151,PIGU
DDX39B,AKR1A1,AFG1L,UBTD1
NKTR,MTX1,LLGL2,ARHGAP12
RPIA,DNAJC10,CC2D1A,EIF2D
COPS4,VDAC1,SETD7,LAMTOR5
PRPS2,ABAT,EPS15,TOE1
NCBP2,GSTT1,BICD2,MSTO1
DYNLRB1,TRIM4,MYCBP2,MCTS1
PRCC,WDR7,CDK2,MTO1
FAAP100,ACAD9,ARHGDIA,PTRH2
ASF1B,YIPF6,LSM14A,ZNF622
PPP5C,LMBRD1,PTS,ATG5
WDR46,LDAH,SMN1,QRSL1
DTYMK,GALK1,BCAT1,NACC1
NACA4P,GLG1,NECTIN2,PDS5A
BRPF3,PKM,KIAA0754,AP3D1
CCNB1,VPS41,PDCL3,RPL8
EIF3M,SEC61B,ACSL4,FBXO44
CSK,CYB5R1,PPIL4,FBXO45
MOV10,DPP7,NAA30,PPHLN1
PPIAL4H,ACADM,CMTR2,GCN1
UNC13D,DHRS7B,C9orf78,RAB23
PICALM,CNP,IPO9,HEATR5B
ANAPC5,ARL10,SPINDOC,RHOB
TTC13,ARSL,STRN3,ENOPH1
ELAC2,MTRF1L,PPP6C,SAP30
GRAMD1A,RRAGC,LYAR,ORC5
THYN1,SH3PXD2B,IMUP,PRKCZ
KIF18B,ANKS1A,SPTLC2,PBXIP1
POLB,RALGAPA1,UBR4,TLK2
SURF1,GATM,PLK1,CREB1
ME1,MICU2,OSBPL3,SEPTIN7
CHD2,LAMP1,ANKLE2,SLC25A19
TMEM256,NDUFS1,CDCA7L,RPS15A
NAAA,NIPSNAP1,CETN3,URI1
TNPO1,PDHB,CAMKK2,LRRC8D
RBM17,TMEM209,TK1,TESC
NQO1,EXOC3,SLU7,GDI1
NRDC,CES2,LIMA1,PGRMC1
PTPRS,SYTL4,GNE,MAP2K4
DESI2,SSR4,DYNC1H1,RAB6A
PDLIM7,FUCA1,ACSL3,RNPS1
POU2F1,TRAPPC12,PHLDA2,NCS1
MRPL44,FBLL1,RPAP3,RNF7
ORC3,ABHD12,GAPVD1,NFXL1
RRS1,CKAP4,SAP30BP,FMNL1
RANBP3,SLC36A4,MPRIP,SYNCRIP
PIAS3,UBA6,FXR2,MMS19
RPL6,RAB27B,CDV3,SON
LIMS2,PDIA3,LRPAP1,RBM4B
MIB2,CASK,SBDS,RRP12
TPRKB,LAMTOR3,LUZP1,HOOK2
INTS10,VDAC2,UTRN,MESD
HSPA1A,PON2,PPP1R12A,FHIP2B
PLCD1,PDP1,CLPB,UFSP2
FADS2,NDUFB3,MON2,CEP350
NCOA5,BCKDK,RSF1,CWF19L1
NAA15,NAGA,DDX10,AGAP3
PHKB,POLG,EPS8L2,DSTN
STK39,MOGS,KIF2A,GTF3C1
EXTL2,TMEM65,KEAP1,PRPF39
DPYSL3,STAT2,KCTD9,WASHC3
PUDP,GRAMD2B,ARAP1,TOR4A
MSI2,SYNJ2BP,RAC1,CTDP1
UBE2G1,COL7A1,CHEK1,FBXO22
XRN2,CISD2,DAGLB,PTPRF
KIF20B,DOCK11,PPP1CC,PKNOX1
RAB2B,ANXA5,SLC29A1,AAMDC
BUB1B,BAK1,ATG3,SPCS2
TUBB6,NAGLU,ZFYVE16,SYS1
F8A1,HSPA12A,MRPS21,CYRIB
ESPL1,PC,ERCC2,DDHD1
PSMC4,PDIA6,CDK5RAP2,PEX6
METTL26,TTYH3,TINF2,ALDH1L2
NTMT1,ATP1A1,CD320,ZC3HC1
GLS2,METTL17,PLS1,SCAF1
OXCT1,CTSD,USP25,PRKAB1
MED13,SULT1A3,SRBD1,ARCN1
P4HTM,FN3K,DDX5,SRGAP1
SOGA1,GSTK1,SEH1L,MRPS34
ECSIT,PURB,PRKCI,VCPIP1
CNOT11,TMTC3,LARP4,LARS1
NDUFA13,PYCR2,JPT2,WASHC4
RFC1,CAV1,HIP1R,RBM12
HEBP2,DLG5,FAM221A,AKAP8
LUC7L2,NDUFV1,HECTD1,PHKG2
MBNL1,PALM,LSS,HPS5
POLD1,SERPINB1,DNAJA2,PKN3
SMARCAL1,ERGIC1,FAR1,NHLRC2
PLBD2,PARP4,CDKN2AIPNL,SCRN2
NOA1,APOOL,RER1,WDR61
TPX2,TGM2,IBTK,RELN
G3BP1,IFI16,ZMAT2,CFDP1
ASCC1,RUSF1,HELLS,CUL4B
GTF2E1,PSMB10,GTSE1,CRK
XPO5,UQCRQ,RRM2,CNOT2
CNOT1,ARL8A,RSRC1,CPNE8
ILKAP,TMEM106B,HMOX2,TSPAN14
MGME1,TYMP,NUP93,ADCY6
CPSF3,ALDOC,ANXA3,ALKBH8
DYNC1LI1,STXBP3,BIRC6,COMMD8
RBCK1,SFXN1,SPART,JRKL
ZNF512,PI4K2A,PYM1,ARL5B
NR2F6,TRIM56,MGST1,GCAT
PHC3,GSDME,GYG1,FNTA
UBE4B,NDUFS4,ELOVL1,LZTS2
TTC17,SP110,PPME1,SURF6
TFAP2A,CALR,TRIR,ATL3
STAU2,COQ7,STRN4,PPM1F
PTCD3,MTCH1,GPATCH4,UBE2K
CDYL,ARL8B,LAMC1,AGTRAP
TDRKH,NDUFA11,PPP6R3,ITGB1
ATPAF1,SUN1,EIF5,HGH1
THAP11,MELTF,MYO1B,DDX51
PHACTR4,PDGFRB,RANBP9,SNRNP40
MAPRE1,LRRC58,NARS1,RAB3GAP2
GSS,IQGAP2,CLNS1A,HMBS
BSDC1,COL1A1,CHURC1,RPL22L1
ABT1,ARSK,SIN3B,DDI2
GTPBP8,OGDH,DDX47,SYMPK
FNDC3A,ATP5F1D,NEXN,TMED2
ADPGK,BCL2L13,TCEAL4,WDR11
CCNH,PARP14,KCNQ5,PREB
COMMD4,SLC25A24,PRKAR1A,PDXK
LMTK2,SDHC,GFPT1,NASP
STRAP,CISD1,RAB1B,LRRC59
EI24,TPPP,KNL1,MGAT4B
REL,HDAC8,CD46,BLVRA
PIN1,B3GAT3,RFTN1,RPS9
PUF60,CMAS,CDC20,XPO1
MRPS2,RPN1,CSNK1A1,CAND2
EIF4E,DDX60,ZWINT,FADD
FBXL18,KCNAB2,DDX49,SURF4
ACYP1,TPI1,AARS1,LRRC41
DDX42,MLEC,GIPC1,EML4
NCAPH2,CNRIP1,HSP90AB4P,TOR1A
PAAF1,TMX1,AGPS,PNO1
PSMC5,SLC33A1,NEDD4,ARF5
PABPN1,CNNM2,TLN1,NDUFB4
MRPL22,UQCRC1,SFSWAP,WDR83
FBXL20,OSTC,KLC2,EDC3
ACSS2,MT1E,SIPA1L3,F11R
HSPA1L,GON4L,FDFT1,SARS1
RBM4,NRM,CHTOP,BAG5
HPSE,GFM2,OSBPL6,RUSC2
NRBP2,COX8A,ATP5IF1,RTEL1
BOD1,HLA-A,LMO7,GMPR2
HNRNPH2,TRIM21,NUP85,DCTN1
GART,TMEM205,MARK2,NOP9
PDXP,PPA2,TRIM5,WASF1
AKAP1,FAM3C,IMPA1,TOX4
PPIA,CRABP2,TRIM11,CAB39L
USP16,ATP7A,RAD54L2,ARHGAP1
AGPAT3,SLC25A22,GSK3B,YTHDC1
VPS36,STT3A,BAD,BANP
CCNT2,GAA,NOB1,NAPRT
KRT16,SLC16A3,TMF1,STRN
SNRPD1,SQLE,SLC12A4,ARHGEF7
SLC15A4,PDHX,CDK6,SSB
BCL10,RAB24,PIK3C2A,CCDC97
PSME1,ARSB,RSU1,MRPS7
EIF3D,ERAP1,PHLDB2,ZCCHC17
HSPA4,ZBTB1,NOTCH2,EXT2
FXN,RRBP1,TDP2,HEATR5A
GEMIN8,AGRN,KIDINS220,TMEM70
BRD7,ECE1,KPNA2,USP54
FANCD2,MECR,FBXO28,FCHO2
EGFR,HSD17B11,UGT8,RPE
DYRK1A,COG2,ABCF1,DCUN1D1
CNTNAP1,PRRC1,WRN,CASTOR2
CTTN,TMEM43,RTF2,FBXL8
NGDN,LAMTOR2,UBE2A,EDC4
FIBP,FAM234A,RPS29,ACTR2
EIF3H,MROH1,DMAC1,SCARB1
MDN1,HSPG2,DAXX,PISD
MDH1,SLC35E1,TFRC,TYW3
PLPP6,PIP4P1,HDLBP,ASAP2
RAD54B,NPTN,POLR1B,UBR3
STK33,DUSP3,TOM1L2,PPP1R13L
RBMS2,MOSPD2,DNAJC6,CARM1
ORC2,MT-ND1,CCDC124,FSCN1
PIR,PCMTD1,SLAIN2,AP1B1
CUL4A,SUCLG2,KPNA7,MAU2
ATXN2L,SSR1,CHST14,DAP3
MED12,ACAD10,RAB32,ACTR1B
HMOX1,GSTM3,PLCG1,DUSP23
CCDC51,GPX4,AAMP,GDE1
EIF4EBP1,ESYT2,FIGNL1,CEP89
FAM98B,PDK2,PROSER2,MEST
THUMPD2,WWC3,BST2,TRIM32
APPL1,AMPD2,AKAP2,SIK3
PRKAB2,CHPF2,ENG,DGAT1
QDPR,DNAJC5,HACL1,ARL6IP1
FCHO1,CCDC90B,CEP135,RPS6KC1
FAM120A,OXSM,SASH1,FBXO7
RPS8,GOLGA5,MTMR1,SH3GL1
DCBLD2,LDHA,C5orf22,SMC5
MAP1B,P4HA2,SASS6,RPP30
CIAO2A,SCCPDH,TMA16,RPS6KA3
MOB3A,QPCTL,LTN1,RBM19
TP53I3,SEC24D,NOM1,GGACT
TXNDC5,HK1,INF2,OGFOD2
RPAP1,H6PD,PHF5A,SRSF4
GSPT1,HLA-B,TSEN54,AP3M1
CUL7,MMUT,SSH1,ZMYM2
DMAC2,PLEKHM1,ROMO1,HCFC2
HNRNPU,SPCS3,TMBIM1,GORASP1
MTMR3,GNA12,BAIAP2L1,WNK2
PHGDH,CD70,DNAJA1,POLR2G
OCLN,CHMP1B,MXRA7,STX6
BUB1,NDUFC2,KIAA0586,RDH14
KDM4B,IDH2,SKP2,OPA1
TRAPPC1,SEPTIN3,KATNAL1,AKAP13
HNRNPC,PCCA,GPN3,DYNLL2
BRI3,TMEM109,WWP2,GOLM2
KIF5B,CNPY3,DIAPH3,ARHGEF12
MTMR2,ADA,RABGGTB,LACTB2
TOLLIP,SQOR,TMA7,EBP
LPP,PYCR1,HOOK1,NMT1
EIF4G2,HSPA5,PIK3AP1,PJA2
SNRNP48,FTL,RRN3,PTPRN2
CORO7,TSPO,RGPD5,DCAF7
SRSF11,NIBAN1,ECD,ZNF281
BAX,EML2,ITSN2,THEM6
MRPS12,FECH,WDR44,SF3A3
POLR2E,AGPAT4,TPM3,HPF1
PLEKHA2,PRAF2,CETN2,TAOK2
PPP2R5D,CCDC127,RWDD1,ARPC4
NID2,NNMT,TIMM23,ESRRA
SCPEP1,SIAE,MISP,ATP1B3
PPP2R1A,MFSD10,DMXL2,HELZ2
PMM1,NFKB1,HOMER3,ZFHX4
FKBP9,P4HB,PTPN13,TFCP2
PPA1,MSLN,MAP2K7,SPARC
NT5C,ADAM17,CYSTM1,LBR
RAB11FIP1,ZBTB20,DAAM1,YLPM1
SREK1,AK3,CDC42EP3,PAXIP1
OGA,MBOAT7,PKIG,LRRC1
MAP3K20,CPVL,CRTAP,THOC5
WDR77,MFSD8,RAC2,DHX57
TEP1,PML,TMX2,PEX5
DALRD3,OAS3,CSNK1E,FHIP2A
TOMM22,PLCH1,AGTPBP1,NUBP2
ANTKMT,GM2A,CMC1,SEC16A
DCTN3,LEMD2,ARHGEF10,TARBP1
NYNRIN,DMAC2L,STRIP1,DCTD
PSME4,GNAO1,CASP4,AUP1
SMAD4,HLA-C,MYO6,VPS29
EXTL3,CYP2J2,PNISR,KANSL3
TSEN2,OSBPL2,MGAT1,FAM133B
GTPBP3,SAMHD1,RAPGEF6,TPR
FAM83H,LHFPL2,RMI1,TMPO
CLSTN3,SGSH,PRNP,TBCC
KDM5B,LNPK,GOLGA7,KDM7A
IFT140,SEC61A1,SERPINB2,NBEAL2
OXNAD1,APOL2,EHD1,TRAPPC2
TFDP1,KRT17,RANBP6,WDR89
UNK,MTX3,PDAP1,TUBB4B
SETDB1,CYB5A,ABL2,RPUSD3
PIN4,MVP,ECT2,HDAC1
SHFL,AK4,BECN1,GNB3
C19orf25,P4HA1,ZFP36L2,TUBB
BUD13,UQCC1,UBL3,COA3
MRPL21,PDK3,GOLGA4,PRPF6
DCTN2,FRMD6,SRPRB,ASRGL1
TRA2B,CLK4,OPHN1,NUP155
MRPL1,RRM2B,PEX3,PRSS1
ABCF2,TMEM11,RAB1A,COG3
CTPS1,BCKDHB,SPRYD7,ARHGEF5
MRPL50,CAT,IL18,PAFAH1B1
OSBPL1A,TRIM38,BCAR3,FLAD1
PRPF4B,LHPP,GOPC,ACAA1
MIEF1,PGK1,MICAL3,TDRD7
DVL2,ACOT13,CANT1,E2F4
ZNF644,ATP2B4,NME7,EMC8
RECQL,SEC62,BMP2K,MIS12
SNRPD3,TPP1,UHRF1,CINP
HAUS3,GPI,CENPF,EWSR1
CUEDC2,AKR1C3,CDC123,RPS2
CENPO,RASAL1,PLCD3,SBF1
FPGS,SFXN3,CAMK2D,TFIP11
UBN1,ENPP1,ZDHHC18,RBSN
ID1,DGLUCY,ZNF431,C20orf27
PSMD9,ASPH,RAB14,GNB4
PSME3IP1,RALA,TMOD3,PLD3
TUT1,GOLT1B,WBP2,RTRAF
IMP3,FAM162A,GOLGA2,SLC25A29
NDUFAF3,AKR1C1,SLX9,ERP29
SLC25A15,TLCD1,SCYL1,UPP1
STAG1,LMF1,EFR3A,IFT22
DTNBP1,CASP1,PCLAF,AMPH
H1-5,PGRMC2,MAP1LC3B2,ADK
VPS13D,PCCB,NDUFS6,VPS52
USP11,VHL,MARK3,RUVBL1
ABHD18,GDA,TMEM9,TUSC3
PPOX,UQCR10,BCAR1,ANKRD52
ABHD11,PTX4,TFAM,POTEKP
NELFE,SERAC1,NAPA,RPS6KA1
WDR1,TNS3,FGFR1,MYPN
COMMD10,NAMPT,IRGQ,CERS2
IMPDH2,MAOA,DENND5A,USP38
MIOS,FAM114A1,ATP6V1C1,TTC39C
COPE,ALDH6A1,QSOX2,EP300
MRPS35,ARRB1,NAPG,USP20
SNAP47,OPTN,RIOX2,MYO19
PRXL2B,DHRS7,STAP2,RUVBL2
NUDT1,PNPLA6,GOLGB1,COPS5
SDAD1,HIBADH,LLGL1,IARS1
UCHL1,PGM1,RTN4,HSD17B7
HINT2,SERPINC1,EHD4,IFT74
EIF4E2,OPLAH,MAD2L1BP,PPFIBP1
DHX9,ECH1,ITGA4,YEATS4
SMU1,POFUT2,KCTD10,FKBP10
EMC10,ATP1B1,TXNDC9,MZT1
RPL7L1,LACTB,ABCD3,CPPED1
HNRNPD,ACP2,SERBP1,PPM1A
UBAP2,CRAT,TBC1D15,TAF3
NRIP1,ALG12,GCC2,OGFR
EFHD1,MECP2,GNPAT,SRSF5
RRP7A,SLC25A4,MTMR10,SUPT5H
SDSL,PPIC,GLIPR1,NECAP2
TTF2,CLGN,SRPRA,STX12
DCXR,TMBIM6,CWC15,HDAC6
FKBP11,SELENOS,ERBB3,TMEM68
KLC1,CAPN5,GMNN,NOCT
STAMBP,GBA,YIPF4,PIK3CB
BAG3,ACADS,UBE2T,MAPK3
FUT11,ACADVL,MAN2A1,ZBTB40
FBXW9,VKORC1,IL7R,NRAS
SRRM1,NME3,MAPK1IP1L,GORASP2
RTCA,COL6A1,TM9SF3,ZNF143
MED23,ETFDH,CCDC59,RPSA
SMARCA5,PDIA5,ACOX1,PABPC4
RARS2,ARSA,STARD3,MOB2
MYBBP1A,ITGAV,CEP85,NUP62
RBBP6,UTS2,HSD17B12,PMVK
VAV2,SEC22B,HSPA2,RREB1
TRIM28,CALU,SERINC1,FUOM
MYLK,SIRPA,EVI5,SNX30
SNRNP27,TRAM1,TIMP2,FGF2
CKAP5,ELMOD2,SELENOI,TFG
VPS18,SP100,PAWR,MORC2
KPNA3,COX7A2L,SLC39A10,SRCAP
RMDN1,NFKB2,DYNC1LI2,CPM
PSMG3,DPYD,CCDC12,ADNP
MIPEP,ENO2,ZFAND5,RAN
EIF3L,NPC1,UBL5,CSNK2A2
GLOD4,LMAN1,MIA3,DHRS1
TTI1,CTSB,TUT7,SH3GLB1
CTNNB1,ISG15,DHCR24,CAMK4
PACSIN3,SSR3,TMEM185B,KCTD12
TGOLN2,CD82,CALD1,PPP3CB
PPP4R3A,GSN,TAGLN,PRDX1
GEMIN4,ATP5MC1,MIS18A,CBX8
ZKSCAN8,SLC25A20,KLHL8,FRYL
KMT2A,ARMC9,TBC1D7,TULP3
PAOX,OASL,RHOBTB3,ITGB5
ARPC1A,GSTM2,STK10,RANBP10
H2BC5,ABHD5,AKAP11,AKT3
ATXN3,TAP1,SMIM12,ARMH3
TJP2,PDPR,METTL2B,RPRD2
PHIP,RELB,OTUD4,AKT1
MRPL24,LYST,TP53BP2,VIRMA
ACBD5,CD47,RIPOR1,DRG2
LMAN2,DTX3L,DHCR7,NELFB
ASPSCR1,TAPBP,CTNNAL1,PLEKHM2
CCDC25,ENO3,UNG,SRP68
POLR1C,PGK2,DDX31,GNAI2
PKLR,OPA3,STARD13,ZNF280D
PSMD2,ERO1A,ULBP2,GLS
MVK,ARR3,MAGED2,WDR45B
RPS24,H1-0,RNF149,KDM2A
UBL7,LAMC2,LRRC42,CD68
ATIC,P2RX4,RAB3D,SLC25A36
KIF13A,TST,MAP7D3,COPB2
NPC2,EHD3,ORC6,SRRM2
ISCU,MYO9A,HMGB3,UBR5
PYCR3,PLSCR1,FAM92A,C1GALT1
DENND11,IFIT2,HSD17B4,TSC22D1
ACY1,SLC39A11,UBXN4,BRD9
PPTC7,TPCN1,OGFRL1,EXOC7
MTCL1,BDH2,PINX1,RNF123
CENPN,PEDS1,RHPN2,PRKCD
RAD18,PLD1,SPINT2,NDUFA7
DDX3X,SCARB2,RAB18,APAF1
RDH13,CRELD1,SLC27A4,GPS1
TRUB2,SMPDL3B,ARHGAP29,DERL1
WASH3P,LGALS3BP,PDXDC1,FARP2
TEAD3,FAHD2B,SLC38A5,USP34
MLLT11,CLYBL,ATP13A3,MYD88
RFK,PSMB9,TUBE1,RAB10
KIFC1,ACSF2,MPP7,NCEH1
POFUT1,NDUFA4,TRIM58,MGAT2
SLC9A1,PRXL2A,DNAJB11,INA
VPS37A,IFI44,SEC24A,UBAP1
TRIM33,MYOM1,ZC2HC1A,METAP1
CIAO3,FUNDC2,DPP8,RICTOR
RBPMS,PLAU,TPM4,RBM10
KPNA6,NHLRC3,EIF4A2,LAMB3
IRF2,PLOD2,PIP5K1A,SEMA3C
MRPS11,MGST3,POLE4,ARRB2
GNB1L,ASAH1,NKX2-1,ATN1
ZNHIT2,ITGB8,HMGCS1,SPHK2
NOL11,REEP6,TUBB2B,LATS1
ST3GAL4,REEP3,CAVIN1,CRTC2
TLE3,TFPI2,UBE2J1,EPPK1
RANGAP1,SLC2A3,KANK1,ELAVL2
SPATS2,LAMP2,SMTN,WDR55
STBD1,CD109,TMEM33,RBM24
SETD1A,DDX58,COG5,RPL14
UBE2S,GBP1,SAR1A,MAGEL2
PTRH1,TAP2,FNDC3B,REXO1
RAB6D,IDUA,PKP2,PSMD7
MTHFD1,MTSS1,ANO10,TRA2A
MLF2,MX1,C19orf53,USP48
MRPL23,APOE,TPBG,UGGT2
VTA1,PLG,ZNF114,DIP2B
TRIO,PARP9,APOB,CNDP2
IGSF3,AKR1B1,ETS1,KLHL25
ANP32A,THEMIS2,HIGD2A,RAP1B
NDUFS8,FTH1,CRIP2,HELZ
PDE12,CALB2,DES,RPS7
CCDC91,IFIT3,JAGN1,NEMP1
IQCB1,ABCB4,MARCKSL1,KLC4
CTNNA1,ADSS1,DNAJB12,SHARPIN
SMAP,FN1,ORMDL2,ACTR1A
DDX41,S100A1,TUSC2,FIP1L1
ENPP4,IFIT1,UBE2J2,COIL
TBC1D13,SDC4,PEX14,POP7
YARS1,PLIN2,RAB3B,POLR3A
TBC1D2,TNFAIP2,STAT1,XIAP
UBE2H,DEPTOR,DMXL1,DNM1L
TSNAX,SERPINE2,CAVIN2,NSMCE4A
GALNT7,SLC4A10,HIGD1A,UBN2
DDX20,ICAM1,TPM2,NUBP1
HNRNPH1,GBP2,FAM241B,SYDE2
CNTROB,ASS1,RAB12,ZNF207
TBC1D17,CFB,BCL2L1,VTI1B
RCC1,SOD2,MAGI1,HIKESHI
MRGBP,IL1B,LPCAT4,DTWD2
KPNB1,,MGAT5,NEU3
XRCC5,,RAB43,FBRS
KIFBP,,TMEM201,ABCB7
HMGXB4,,EIF1AD,SMCR8
VPS33B,,MSMO1,MYO9B
EFCAB14,,SELENOW,NOL6
CCAR1,,B4GALT4,MAN1B1
PRPF40A,,CACNA1A,EIF2S3
ECHDC1,,MGLL,TRDMT1
MYH9,,CD9,NUP88
NMI,,STXBP6,TSG101
SYAP1,,PQBP1,HSPA13
UTP4,,CLASRP,UFM1
MIDEAS,,B4GALT5,JRK
CDKN2A,,SHPRH,CAPZB
RB1,,CD55,TRMT61A
BPNT2,,UXS1,CHD1L
UBE2D1,,UGCG,TBC1D1
TTC21B,,SYNGR2,PXK
NUDT2,,DAPK1,NCBP1
RPS6KA5,,CCND1,GTF2H1
SDF2,,POLR1G,MPDU1
CENPB,,RABAC1,ARID4B
LUC7L3,,FSTL1,NMNAT1
PSMD1,,NEFH,NUDT16
SP1,,MON1A,AIMP1
YWHAZ,,TUBAL3,PRKD1
TBC1D5,,SERPINE1,TBC1D24
FNTB,,PLPP1,NT5C3B
WDR45,,CGAS,MTM1
BLVRB,,CYBA,SETD2
ZZZ3,,TUFT1,RBM42
MTOR,,HM13,POLRMT
ANKHD1,,CRIM1,IP6K1
UBXN1,,FHL2,PLXND1
UBXN7,,HLA-DRB1,NCBP3
ISCA2,,GDPD1,UTP25
SPECC1L,,TNFRSF10B,PDE4DIP
BET1L,,PDCD2,HACD3
GATB,,PPP1R2,LAMA5
EIF2A,,PRR11,TERF2IP
PTBP3,,NLRP10,DDX39A
SUMO3,,BCAM,ATP6V0A2
TXNRD3,,DNAJB6,MSL1
CXXC1,,PTK2B,C7orf25
PLEKHA5,,THBS1,EXOSC3
GIGYF2,,CCN1,PHF12
OAT,,ALDH1A3,ZFR
ADGRG6,,PTMS,PEPD
TP53,,F3,THADA
GLDC,,PAX8,PCIF1
MIGA1,,FHL1,SAMD8
INTS5,,A2M,EXOC6B
TTC26,,POTEF,WASF2
CASP3,,MFGE8,TBL1X
REPS1,,TPM1,MRPS23
BRD3,,SLC38A2,COG8
AARSD1,,FADS3,EIF2B2
PRAME,,HMGN3,PAPSS1
COQ5,,SLC38A1,SECISBP2L
LPIN3,,HMGN1,CUL3
FIG4,,KRT9,ELMO2
TNRC6A,,SLC5A3,TNKS2
TNFRSF10A,,F5,ILRUN
CAMLG,,APOA1,NCOA6
NSUN4,,ALB,GDAP2
DGUOK,,ITIH4,TUBA1C
LRRC8A,,AFP,SFT2D3
TOMM40,,HBA1,EEF1A2
API5,,AHSG,FUBP3
MAVS,,FILIP1L,OXR1
PGAM5,,,CUX1
SMDT1,,,STXBP4
POGLUT2,,,HINT1
CHORDC1,,,TBC1D10B
BOD1L1,,,PLCG2
ARMCX1,,,PDCD6IP
ZC3H12C,,,SAFB
IDH3B,,,SAE1
TMEM192,,,RPL3
QKI,,,SNX27
HNRNPM,,,MFF
HDHD2,,,ZNF638
EIF4G1,,,BABAM1
OSGEP,,,ARHGAP27
CENPV,,,NDRG2
SLC25A40,,,ATG16L1
USP15,,,MRPS9
CIAO2B,,,RPL7
DNPH1,,,CTNNBL1
DNAJB1,,,AIDA
FPGT,,,COPS7B
CBL,,,METTL16
SUMF1,,,UTP23
DRAP1,,,TIGAR
CHCHD3,,,PPFIA1
E2F3,,,SUDS3
ARPC5L,,,ATP6V1D
CPD,,,TBC1D23
MRPL10,,,GLTP
NIFK,,,COMMD1
TXLNA,,,IMPDH1
SRP19,,,DBR1
MTMR14,,,GTF3C3
PPP1CA,,,HERC4
PTPA,,,ANXA11
OSBPL11,,,MAP2K2
RAB8A,,,BIRC2
STX10,,,CHMP4A
NUBPL,,,DCAF16
TOP3A,,,SCRIB
PHF21A,,,TXNRD1
ARF6,,,ARID3A
MED4,,,POLE2
EIF2S1,,,MED20
ESRP2,,,PKN2
UNC45A,,,PKP4
SCFD2,,,COG1
MRPS30,,,NXN
PDF,,,AEBP2
ACTG1,,,GHDC
HNRNPUL1,,,TUBA1B
RAI1,,,XPO7
EIF4A1,,,RPS27L
RIOX1,,,URB2
METTL14,,,RBM27
ZNF24,,,RACK1
MIF,,,ERCC5
BTAF1,,,ZC3H14
ATG4C,,,MSH6
FANCA,,,RCCD1
GNL2,,,GGA2
TAF1,,,SBF2
MTG1,,,WASHC5
U2SURP,,,FAM76B
HS2ST1,,,SART1
CDCA2,,,WDR18
KDM5A,,,PHF6
G3BP2,,,ARL2BP
MAEA,,,NUP35
LRCH2,,,PRPF19
DCTN5,,,ACBD3
KLHL22,,,TPRG1L
MOB1B,,,NLN
HEATR6,,,VPS37B
MED25,,,PHF8
SOAT1,,,SNX6
GPATCH8,,,PTGES3
PIGT,,,PSMC2
CHAC2,,,RDH11
POP4,,,SH3BP4
LARP4B,,,PIEZO1
SLC2A6,,,YTHDF1
FADS1,,,FLCN
HAT1,,,DCP1A
TMEM41A,,,VKORC1L1
XPOT,,,RPS23
SHOC2,,,DPP9
YTHDF2,,,IGBP1
ERGIC3,,,FBXO21
ANAPC7,,,ARL6IP5
PTPN11,,,SNUPN
SQSTM1,,,BCAP31
NEFL,,,THUMPD3
DTNA,,,GMPR
KIF21A,,,CTR9
INTS4,,,TBCD
SLK,,,MARF1
ZNF629,,,RFX5
PUS1,,,NFRKB
TACC3,,,WAPL
MRPL16,,,GLMN
DDX28,,,CFAP36
ACTR6,,,ABRACL
SRSF7,,,MYO5A
AIMP2,,,SNX4
TIMM44,,,EMD
GET4,,,UBE2M
VPS8,,,POLR2A
VLDLR,,,TRAPPC5
FMNL3,,,ATE1
DEGS1,,,SNCA
RNPEP,,,XYLB
TGFBRAP1,,,NAA16
CELF2,,,PGGT1B
RASA1,,,PATZ1
DHRS4,,,LUC7L
CXADR,,,TDRD3
KTN1,,,TPMT
KLHDC10,,,CCDC47
FBXL2,,,NDRG3
INTS6,,,CYB5R2
TMEM126A,,,ARL13B
C1orf109,,,CASP8
IFI30,,,TCF20
ANKRD17,,,RBM23
PMS1,,,KRTCAP2
SPR,,,CAPZA1
ASPM,,,SCP2
IFT122,,,TAF9
MGMT,,,SNAP23
NAGK,,,PARP2
ATP6V1G1,,,UNC93B1
TFB1M,,,GPR39
TECPR2,,,TOP1
GNL3L,,,CLK2
AKAP8L,,,TSC2
APOBEC3C,,,ACTR3
NAF1,,,COQ3
ERAL1,,,NOC2L
ARVCF,,,BID
NUDT8,,,CD276
PLPBP,,,NFKBIE
AP2B1,,,PAPSS2
GNL3,,,STARD7
RPS6KB2,,,RPS27
TTC19,,,AS3MT
MLYCD,,,ROCK1
SYNJ1,,,ZFPL1
PRIM2,,,SAR1B
MTFR1L,,,AKAP9
CHM,,,CORO1B
CDC40,,,HMG20A
UBQLN2,,,NIPBL
EPS15L1,,,DCTN4
MBD4,,,POLD2
INPP5A,,,SNAPIN
EIF3E,,,CLIP2
MRRF,,,EMB
MAP3K4,,,PATJ
CEP290,,,CMTM7
RNF20,,,INTS12
C8orf82,,,HDDC2
NDUFA5,,,EPN2
BCL7C,,,PRKAA1
PAK4,,,TRAPPC13
RBM7,,,CAPN1
ZER1,,,SH3BP1
ACAP2,,,INPP1
SNX14,,,TBCE
SF3B4,,,STX5
IGFBP7,,,ZZEF1
IFT52,,,COPS7A
FKBPL,,,ATP2B1
MED16,,,GALNT1
SH2B1,,,PSMC6
PSMD3,,,NDUFB7
ADAM9,,,USP14
TBP,,,OXA1L
TIMM21,,,PCBP1
KIAA0319L,,,C2CD5
VPS33A,,,TRAF7
GPD2,,,KRT18
MRPL47,,,RPL35A
MLH1,,,AAK1
KIF16B,,,FUCA2
AAGAB,,,SHC1
RABGAP1,,,MAP2K1
ARHGEF16,,,RAB2A
MRPL55,,,CCDC88A
AP3S1,,,FARSA
THTPA,,,AFTPH
TENT2,,,TRAPPC8
TAF15,,,PFKP
MED24,,,ZNF579
DNA2,,,TRAPPC4
HAUS5,,,RANGRF
KPNA1,,,OSTF1
CAVIN3,,,MAP2K5
RCC2,,,RABEPK
LRSAM1,,,AVL9
C4orf3,,,QARS1
PPIL2,,,ARAF
ZFYVE26,,,PATL1
NUDT16L1,,,VASP
RAPGEF2,,,SRP72
SLC27A2,,,SRP9
CLMN,,,SUPT6H
AURKA,,,INPP4A
MPP1,,,PHF14
STX8,,,USO1
UBE2E1,,,DHX15
CPTP,,,ANAPC1
CADM1,,,EHBP1L1
INTS1,,,RC3H1
PLAUR,,,APPL2
BRPF1,,,MOB4
NQO2,,,TAX1BP1
MITD1,,,MLLT10
C1QBP,,,CEP164
IRF2BP1,,,CMSS1
RBPJ,,,CHD4
WDTC1,,,TXN2
SNAP91,,,CEP192
CHD1,,,DIAPH2
ENAH,,,EIF4G3
SFPQ,,,ZNF106
BYSL,,,TUBB2A
DHX30,,,COPG1
MRPS16,,,DIS3L2
ADSS2,,,EXOC6
TRNAU1AP,,,GIT1
LONP2,,,TMEM161B
RBP7,,,CLK3
SLC35A4,,,SCAMP4
COX7A2,,,ELAVL1
PWP2,,,FKBP8
NIBAN2,,,CLTC
PPIL3,,,COG4
SLC1A5,,,SNRNP200
INCENP,,,ARIH1
SDCBP,,,DIP2A
ACLY,,,BIN3
IFI35,,,TAB1
MPDZ,,,NDUFB8
ARHGAP39,,,PRPF8
FLNC,,,IK
ITIH3,,,MPHOSPH10
NDUFB11,,,BCORL1
TMEM223,,,LRIF1
PARG,,,DOCK7
PIP4P2,,,NMD3
MPZL1,,,COX18
ATP6AP2,,,HNRNPLL
ZNF592,,,COX20
IWS1,,,SGF29
NUP42,,,RAB22A
LMNB2,,,GPATCH1
TTC7A,,,AP2A1
SCYL2,,,TUBGCP2
CCNE1,,,TRIP11
NECTIN3,,,SNX3
CLUH,,,NOL10
STRBP,,,ADCY9
CHD3,,,ZWILCH
CPSF2,,,MBLAC2
TRIM3,,,ATG7
NDUFAF6,,,TXNDC12
TUBA3E,,,ARFIP1
GSTP1,,,LSM2
PHC2,,,MAP4K2
NBEAL1,,,SNX24
ELF2,,,SP2
VPS25,,,WRAP53
TXNL4A,,,THBS3
MED7,,,MFN1
DAZAP1,,,GSDMD
CEP97,,,GSTCD
EPM2AIP1,,,TBC1D22A
MTHFD2,,,EMC2
PTPN2,,,SLC30A7
NPEPL1,,,SSU72
PRPS1,,,HBD
SALL2,,,STX4
SMC6,,,APEH
ARAP3,,,ARHGAP21
SNX9,,,MCC
PTPRJ,,,GNAS
CBX5,,,UTP3
MRPL4,,,RGPD3
IVD,,,RPL5
KCTD18,,,NPHP4
AURKB,,,ROBO1
HSPD1,,,CTU1
FASTKD5,,,NT5DC3
STAT6,,,CRYZL1
CIC,,,POLR2C
C5orf51,,,ADD2
OGDHL,,,PGM2
PPAT,,,ZBTB7A
MRPL3,,,TASOR
BUD23,,,ANKRD28
NFIC,,,LITAF
CSTF3,,,LANCL2
SYNPO,,,RCL1
POGLUT3,,,TMED5
DPH6,,,SIPA1L1
RALB,,,UFC1
ATXN1L,,,GABPA
WRNIP1,,,WBP11
ERBB2,,,VPS13A
EIF3G,,,MICAL1
RNH1,,,FNBP1L
POGZ,,,MSH2
STX16,,,SEPTIN10
NCKIPSD,,,EEF1G
PPIE,,,MYH14
SMCHD1,,,CDKAL1
PYGL,,,PACSIN2
NBN,,,RCOR1
SPAG9,,,SIGMAR1
MRPL28,,,IMP4
EIF2AK4,,,AP1M1
EPB41L3,,,SH3BP5L
MTG2,,,CYB5B
POLDIP2,,,RTF1
TBRG4,,,ANKRD54
FRA10AC1,,,KRT14
ERI3,,,AP2S1
NDOR1,,,MAD1L1
PSMG4,,,KPNA5
AGPAT1,,,DEK
CEP250,,,EPC2
SEPTIN11,,,GTPBP2
STAG3,,,ANKRD50
HNRNPF,,,FKBP3
GABARAPL2,,,SNX1
RAB33B,,,NSRP1
YWHAB,,,CARHSP1
ZCCHC3,,,NCOR1
SOD1,,,OCIAD2
TIMELESS,,,RTKN
ITPKA,,,TSN
HS1BP3,,,ITCH
TBC1D2B,,,PPP6R2
ARMT1,,,UBE2Z
SUMF2,,,B4GALT1
NUDT21,,,BMS1
MCAT,,,PRR5L
KIAA1671,,,MOCS1
MRPS5,,,XPA
RPS6KB1,,,PUS7
MRPS15,,,RPS3
DPH5,,,SMG8
ELP2,,,CTDSPL2
RINT1,,,ERGIC2
BIN1,,,ACTR10
SEC24C,,,CHUK
OBI1,,,METTL3
CAMSAP3,,,TAF6
ZEB2,,,RAB21
INTS14,,,KATNA1
WDR37,,,NEK3
TBL1XR1,,,ARL6IP6
PAXBP1,,,COPB1
PALS2,,,L3HYPDH
MEIOC,,,RNF121
DENND10P1,,,USP24
VARS1,,,POLR2B
MRPL43,,,VCL
NOL9,,,NPM3
RHOT1,,,ACIN1
AGO1,,,GOLM1
EEF2,,,ZBTB4
MPP2,,,ADGRE5
ANKRD27,,,CPEB2
CPSF6,,,WDR36
PNPT1,,,RAD23A
PGS1,,,OSBPL10
FHOD1,,,COX4I1
SIGIRR,,,OTULIN
SFXN2,,,FBXO38
INTS7,,,TNPO3
IGF2R,,,EFTUD2
PLAA,,,PRKCA
RPTOR,,,VPS51
ACTN1,,,NUP43
SYNJ2,,,EXOSC2
TRPC4AP,,,ICE1
KIAA1522,,,CHMP3
MED14,,,SRGAP2
TCERG1,,,RB1CC1
PPP1R9B,,,PPP2R3A
UAP1,,,BRI3BP
FEM1B,,,SETX
C11orf68,,,PSPH
MARCHF7,,,PICK1
WDR19,,,FYTTD1
INPP4B,,,ERI1
ABCB6,,,SPAST
ACOT8,,,DYNC2I1
SCO2,,,EPHB4
TMEM181,,,DIS3L
MED13L,,,CHRDL1
VPS13B,,,RGS20
LASP1,,,DYNC2I2
EML1,,,DDX19B
P3H1,,,RELA
DPCD,,,LARP1B
YIF1A,,,RAB5C
LARP7,,,OXSR1
PPIF,,,AHCTF1
SEC24B,,,RASA2
EDF1,,,GADD45GIP1
OTUD7B,,,AHDC1
PSMD14,,,ZNF512B
AFF4,,,RUFY3
YEATS2,,,TLE1
CTTNBP2NL,,,POTEI
CAMK1,,,YME1L1
ZNRD2,,,HTATSF1
CIAO1,,,SCAMP3
GLT8D1,,,ORC4
ADGRL2,,,SCML2
MED17,,,SIX4
MYO18A,,,CNNM4
LRRC8E,,,HJURP
PHKA2,,,ATG2A
JUP,,,ANKIB1
MRPL15,,,STK32C
COX7C,,,TSR2
LAGE3,,,EXOSC5
EHHADH,,,VPS4B
BNIP2,,,PPP3CA
CPNE2,,,ZNF609
NDUFAF5,,,MED21
BAZ2A,,,VPS50
SRRT,,,NCKAP1
RUNX1,,,RAD1
TMED9,,,ABI1
WDR76,,,NUMB
HTT,,,KRR1
CMPK1,,,GNPDA2
APBA3,,,MRPS18A
MTRES1,,,GPSM1
CTCF,,,ITPRID2
TGFB1I1,,,NSL1
KIAA1107,,,PEG10
NELFCD,,,ATP6V1E1
PTTG1IP,,,TUBB4A
ABTB1,,,FBXO30
EP400,,,UIMC1
CUL5,,,SDF4
KCT2,,,PLP2
FLOT2,,,HECTD3
ITM2C,,,ALG9
AGPAT5,,,NT5C2
THOC7,,,PIBF1
DERL2,,,GMPPB
RRP1B,,,UBE2D2
XRCC1,,,RABL6
NCK2,,,CDS2
AKAP12,,,BRD8
CLMP,,,RAB5A
SP3,,,ADARB1
EEA1,,,ELF1
MED1,,,MICALL2
TKT,,,GCLM
AAAS,,,GLRX
ZMYM4,,,RBFA
SYNE3,,,FUT8
WDR35,,,PRPSAP1
MAPK7,,,WDR20
SRP54,,,MED6
HNRNPCL3,,,STX2
PTGFRN,,,C2orf76
LNPEP,,,CDC42BPA
SRC,,,GNA11
MAGT1,,,RBM25
KAT7,,,HSPB11
STS,,,AACS
S100A6,,,LIN9
ZNF121,,,WIZ
AP1G2,,,MICAL2
WDR33,,,YWHAH
LRRC47,,,FAM98C
WIPI2,,,NLE1
PFN2,,,NDUFB9
ATM,,,SMG9
ATP5MJ,,,PANK4
HLCS,,,SCAP
BAG6,,,STAM
BCOR,,,PSMC3
CA13,,,PTDSS1
EIF2B4,,,RPS6
OSBPL5,,,HMG20B
INTS13,,,DOP1A
PSMD6,,,TMED8
RBBP9,,,CHP1
METAP2,,,VPS4A
FKBP5,,,TRMT10A
INTS2,,,TADA1
ITGA2,,,PTPRE
ARL6,,,DDX54
GALM,,,DUS1L
PDCD7,,,ZNF280C
NOP58,,,PPP6R1
PARD6B,,,PPP4R1
NOL8,,,PLA2G4A
ILK,,,TTI2
XRCC6,,,CIAPIN1
NACA2,,,PSMD13
EEF1A1,,,RPF2
PDZD8,,,CKMT1A
MADD,,,DUSP9
PPP1R37,,,NSDHL
SAP18,,,ADAM10
SH3RF1,,,ARHGAP17
NDC1,,,FGD4
ABCB10,,,CAPNS1
BPNT1,,,AP1G1
MLKL,,,NUP107
WAC,,,SMG6
CAPN2,,,GMDS
SH3BGRL,,,HARS1
SHMT2,,,AHCYL2
BCAS3,,,CEP41
GPX7,,,LGALSL
FKBP15,,,TOMM20
CAP1,,,BRAF
HAGH,,,ISOC1
GLE1,,,VPS45
MARCHF5,,,TMEM97
MARS2,,,PARP12
SLC44A2,,,PRTFDC1
MRPL39,,,FDX2
IRAK1,,,WWC2
KAT8,,,CDK12
SNU13,,,KRT7
DCAF1,,,CALML3
DIDO1,,,PRPSAP2
ZFYVE27,,,TRMT13
CLCC1,,,PPP1R8
PRPH,,,KIFAP3
TIA1,,,MMADHC
CGGBP1,,,RTL8C
DCP1B,,,DMTF1
WFS1,,,GLRX5
ERBIN,,,LAMB1
PTP4A3,,,ZFC3H1
TEX10,,,TELO2
ABI3,,,EEF1E1
PPWD1,,,RAP2C
CHMP2A,,,FBXL12
SET,,,NEMF
PAK1,,,SLTM
ISYNA1,,,UTP18
KMT2C,,,NR2F2
THAP12,,,ALG5
GCC1,,,PECR
RP2,,,SMARCC2
EIF2B5,,,DHX38
OSBPL7,,,CEP44
RAB35,,,PMF1
SAP130,,,SUZ12
GTF2H4,,,PPP4C
RETSAT,,,ADCY3
GCA,,,MRPL51
SMAD5,,,ITGA3
UBAC2,,,CSNK1G2
ACTR5,,,FBXW5
PPP2CA,,,CPSF1
SDF2L1,,,MAT2A
ATP6V0D1,,,MGRN1
DDHD2,,,L1CAM
RPL28,,,TUBGCP5
MRPS14,,,WNK1
EIF3C,,,BZW1
BRIX1,,,LRCH3
DUSP12,,,ELP6
TGFBI,,,CTNND1
PRMT9,,,RRAS2
TRAP1,,,RABGGTA
CHERP,,,AP2M1
ZMIZ1,,,PRRC2B
DDX50,,,BTN2A1
ZBTB33,,,KLHL9
EXT1,,,UBR2
EVI5L,,,YIPF3
B3GLCT,,,RPL22
NGLY1,,,RPUSD4
VAMP8,,,PLEC
RHOT2,,,CYFIP1
CYTH2,,,ZMPSTE24
FLOT1,,,GEMIN2
GMEB1,,,ITSN1
H2AC4,,,ARHGAP18
PAN2,,,ROCK2
KDM1B,,,SELENOT
RARS1,,,UBE3C
RAB5B,,,AFDN
XRCC4,,,CAMK2G
MALSU1,,,GPD1L
TRIP4,,,MRPL41
PIK3R1,,,MRPS26
SERPINH1,,,FOXK2
BRCC3,,,IDE
CBR3,,,HERPUD1
OTUB1,,,RBM33
EXOG,,,TANC2
MRPL13,,,NUDCD2
AK1,,,HAUS2
G6PC3,,,LENG9
RCE1,,,NPLOC4
NRF1,,,DHX35
PLBD1,,,MAP3K11
NCOA2,,,SNF8
SMAD2,,,POLR3E
POM121C,,,NANP
LGALS1,,,UVRAG
ALDH9A1,,,RAB34
RBM22,,,OSTM1
RBFOX2,,,CYLD
OTUD6B,,,NEFM
LRCH1,,,HIF1AN
SRSF2,,,ATR
NUP214,,,VEZF1
SCRN1,,,SCAF11
XPNPEP3,,,PROCR
TAOK1,,,PHF10
SPATA5,,,HEBP1
EDEM3,,,PRPF4
PTGR2,,,PPIP5K2
TRAPPC10,,,USP19
ARFGAP3,,,RSBN1L
RIPK1,,,TMCO1
TUBB3,,,KPNA4
ORC1,,,RPL11
LMNB1,,,KATNB1
MRPS10,,,SNX7
PABPC3,,,ASCC3
NUS1,,,LEO1
BRAP,,,SMG7
SNX2,,,KMT2D
GTF2B,,,UHRF1BP1
SORD,,,EPS8
PLIN3,,,ZNF318
STIM1,,,ASCC2
SNX5,,,PRKD2
MED18,,,MTHFD1L
FAM114A2,,,MAP2K3
MGST2,,,BPTF
GARS1,,,DCAF13
NONO,,,DGKA
SLC35B2,,,SRSF3
LYPLA1,,,GTF2H3
CDK18,,,IKBKB
NDUFAF4,,,GTF3C4
AP5B1,,,PLXNA1
UBE4A,,,RAD9A
CDH2,,,TNRC6C
NFYC,,,TOR1AIP2
PDSS2,,,IFT88
CLCN3,,,MID1
TNFAIP8,,,DENND2A
ARGLU1,,,TM9SF2
TBC1D4,,,PRPF18
PRPF31,,,LRCH4
GRK2,,,DAG1
NEK7,,,CDC37L1
SMARCA2,,,VMA21
GATAD1,,,TUBG1
GTPBP1,,,STEEP1
RBM45,,,CMTM6
PPP2R5E,,,CCNC
ENDOD1,,,IGHMBP2
TUBGCP6,,,TMEM263
MYSM1,,,PALS1
CPSF7,,,PLRG1
MBNL2,,,TEX264
MYO1E,,,NOC3L
NUDT5,,,RIC8A
HSP90AB3P,,,PLEKHG5
RASSF2,,,ZFP91
MTA3,,,CDC42
HEATR1,,,ETF1
AGO2,,,ZFAND1
SCAF4,,,LRWD1
ARPIN,,,WASHC2A
NANS,,,CSTF2T
NFU1,,,CDK8
NT5DC1,,,ARFGAP1
TRIM65,,,SPATA5L1
GMPPA,,,DUS2
ALKBH2,,,NEDD1
DAB2IP,,,COPZ1
CAND1,,,CHML
MEAF6,,,NPHP3
RTCB,,,CCDC93
NOP14,,,RHOA
VAC14,,,IFIT5
RPLP0,,,TCF25
EPRS1,,,SNRPB2
HOMER1,,,TYW1
PIK3C3,,,TBPL1
PRKAG1,,,DNAAF9
UBA3,,,CLPTM1L
SIN3A,,,TNPO2
EMC4,,,C1orf43
LIG3,,,UFD1
PARP3,,,CNOT6
CNNM3,,,SLC25A32
SHPK,,,BSG
IER3IP1,,,STK4
PARL,,,PSMB7
KAT6A,,,NRBP1
NSF,,,PSMD12
PPIL1,,,HACD2
NFIX,,,FMN2
NAT10,,,NDUFA2
PARP1,,,LEMD3
CLPP,,,GCFC2
CSPG4,,,PTDSS2
ATP6AP1,,,ATP2A2
GYS1,,,TRIP10
RANBP2,,,BNIP1
MRPL18,,,CLASP1
KDM3A,,,UBR1
PCNX3,,,SIRT6
PIK3CA,,,ISG20L2
FAM193A,,,MSRA
GGCT,,,RCN2
ERCC3,,,CWF19L2
PLOD3,,,COMMD9
PUM2,,,CLIC3
SETD3,,,AP1S2
PIGK,,,YRDC
FKBP2,,,PTPN12
RBMX2,,,RBMS1
UQCRH,,,SPTBN2
GOSR2,,,NOC4L
RBM39,,,FERMT2
ARFGEF2,,,GPC4
MAP1A,,,PTPRM
CAV2,,,TTL
ANXA7,,,PUSL1
TBL3,,,DSG2
PSMC1,,,UBA5
CMIP,,,PFKFB3
HPS6,,,GPR107
SPCS1,,,C1orf50
NAT14,,,SAAL1
DDX59,,,DCAF11
PEX11B,,,RAB9A
LAS1L,,,KHDC4
SSH3,,,CARS1
SLMAP,,,TBK1
C17orf75,,,TSPYL1
TPT1,,,DCUN1D3
PRORP,,,GIT2
MEPCE,,,SREBF2
GNG7,,,ATP2C1
ARFGEF1,,,ARPC3
CUTA,,,CSTB
PTP4A2,,,TPD52L1
MED19,,,TAF5
DIP2C,,,HIP1
COPS8,,,PCF11
EIF4A3,,,LRRC20
ERO1B,,,SLC25A30
NUP160,,,WASHC2C
PPP1R10,,,AQR
IRF2BP2,,,AP1S1
ACTBL2,,,SPTLC1
PPP1R7,,,MALT1
MYO7B,,,KLC3
EIF4ENIF1,,,SLC5A6
AP4E1,,,ZSWIM8
AGFG1,,,RPL19
HSPE1,,,BAZ1B
MAT2B,,,MEAK7
MMACHC,,,PALD1
TAPT1,,,PTPN14
PAFAH1B2,,,SLC4A7
YWHAE,,,MRPS36
SERPINB8,,,TMEM165
IRF9,,,YJU2
RAD23B,,,GID8
NUP58,,,PIH1D1
CCDC102A,,,ACP1
U2AF1,,,RAB3GAP1
CMTR1,,,NUP188
RAE1,,,GBF1
PHF3,,,TSC1
NDUFV2,,,ERG28
TIMM17B,,,TRAPPC3
ARFRP1,,,MYDGF
PREP,,,ELP1
SPIN1,,,CERS6
POLR3B,,,SLC35A3
SACS,,,TRMT112
CYCS,,,CDK9
MAPT,,,CHAMP1
TLCD4,,,PPP2CB
MRPL46,,,LGALS8
LMCD1,,,CASKIN2
PGM3,,,SCAF8
SYNE1,,,GGA1
TRMT61B,,,NSD1
HDGFL2,,,MFAP1
ATP11C,,,ZC3H18
LPCAT3,,,ABL1
DFFB,,,EIF2AK2
WDR3,,,RPP25L
SEC63,,,TACC1
DLG1,,,CNOT9
TIMM22,,,ARL1
TRABD,,,DPH1
STK38,,,CCDC115
RAVER2,,,IFRD2
IFT20,,,TTC5
TMEM62,,,RIC8B
SMARCD2,,,PAM16
INPPL1,,,RAB11FIP5
PTPN23,,,ARHGEF1
MRPL37,,,MAF1
BTF3L4,,,TMEM214
ETHE1,,,GOLGA3
SART3,,,TRAPPC9
MTHFS,,,ERC1
CBWD2,,,MIEN1
DOCK9,,,WDR4
GNA15,,,HYI
STK11IP,,,CD99
CHD9,,,HERC1
NR2C2AP,,,DENND3
DNAJC19,,,PDPK1
RPL9,,,FAM91A1
ZMYND8,,,NHP2
UBA2,,,TREX1
GNA13,,,CEMIP2
PALLD,,,RAB5IF
EHD2,,,ZYG11B
THOC1,,,SZT2
THOP1,,,ERCC1
TNIP1,,,ELP5
UPF2,,,BLOC1S3
MAP4K5,,,MIB1
STAT5B,,,DOHH
BRD4,,,NFIB
DGCR8,,,TUBA8
RNF14,,,OS9
MTA2,,,CENPI
PNPO,,,SHTN1
COX11,,,UBE2I
MRPL45,,,TRMT2A
STAG2,,,ACTR8
PITPNA,,,NAA40
MRPL35,,,NXF1
CSRP2,,,SLC26A2
CTPS2,,,ABI2
KIF1B,,,RMC1
CENPC,,,UBE2B
TUBGCP4,,,PTK2
GOLPH3,,,PANK2
ING3,,,REXO4
EMSY,,,MRE11
SRPK1,,,ITGA5
PCYT1A,,,STXBP1
LIMCH1,,,RAB38
PM20D2,,,CD40
MME,,,SRSF10
PITHD1,,,LZTR1
STAM2,,,SIPA1
BCLAF1,,,KLHL7
NUDT4B,,,TOMM6
PELP1,,,APP
DOCK1,,,INPP5K
UBE2F,,,RPL15
EYA3,,,USP8
DDX1,,,ARF1
MTSS2,,,TOMM5
YES1,,,NUP37
NUP133,,,TAF2
FAM171A1,,,RAP1GAP2
TSEN34,,,NAA20
MTERF3,,,CDC42EP4
STXBP2,,,ETNK1
GDI2,,,UBE2V1
PUM1,,,MTMR6
TRMT1L,,,SH3BGRL2
FARSB,,,MAGI3
NUP98,,,PTPN9
CSTF1,,,R3HDM1
PDE6D,,,FAM50A
MAP4K4,,,CRYAB
ITM2B,,,ARID4A
PSIP1,,,PRKAA2
GOSR1,,,JAK1
JMJD6,,,USP32
FAM8A1,,,MAP4K3
CSDE1,,,FEZ2
OCIAD1,,,FAM118B
RBM6,,,SRPK2
BRD1,,,SNRPC
UCK2,,,TRUB1
GFM1,,,GPT2
TMED4,,,CXorf38
ZKSCAN4,,,NRDE2
MYO10,,,TBC1D10A
PODXL,,,RBM5
FLNB,,,SEMA4C
CSNK2A1,,,ACOX3
TRAPPC11,,,TRIP12
CCNL2,,,GIGYF1
MKLN1,,,NEK1
RAP1A,,,HAUS6
IQSEC3,,,SOS1
UNC119B,,,CRELD2
FXR1,,,DENND5B
PCMT1,,,RSRC2
CYP51A1,,,UXT
ARMC1,,,MORC3
UBE2N,,,DYNLT1
DMAP1,,,DDX56
DPP3,,,ZMYND11
SNX8,,,ZNFX1
B4GAT1,,,PRKAR2B
RXRB,,,MORF4L1
GATD1,,,ZHX1
HSD17B10,,,KNOP1
QTRT1,,,MARS1
GAK,,,PDCL
CAPN7,,,RHOG
GPX8,,,TRIM26
CNPY2,,,KDM6A
SPIRE1,,,MYADM
ANXA2,,,CLTCL1
BLOC1S6,,,RSPRY1
COMMD7,,,DUSP11
VPS35,,,GALNT2
TTC28,,,TRAPPC6B
TATDN1,,,DHPS
USP7,,,KLHL26
UGP2,,,TAF12
TECPR1,,,GMFB
PPCS,,,TIMM50
RAP2B,,,STXBP5
ARID1B,,,DHX37
SREBF1,,,GGA3
ARPC2,,,NUMBL
CACTIN,,,NSD3
DNAJC1,,,MBD1
ZRANB2,,,CFAP298
SLC6A15,,,ATRN
KRT13,,,GNAQ
CDC16,,,ATP5ME
PSAP,,,TRAF2
GMEB2,,,MRPL14
SUOX,,,CTBP2
NRK,,,DSN1
TUBB8,,,NFATC2IP
SNX15,,,PPP4R2
NAA38,,,CD59
SEL1L,,,DPH2
CDR2,,,PFKM
COMMD3,,,FAM98A
CENPH,,,NDE1
ARHGEF6,,,NABP2
KAT2A,,,MRTFA
LENG8,,,SORBS3
NSFL1C,,,PHLDB1
ZC3HAV1,,,DDRGK1
STX18,,,UNC13B
IFT81,,,RRP1
PDCD11,,,BGN
MRPS6,,,CLPTM1
INTS11,,,SDHAF2
RPRD1A,,,KRI1
DDX52,,,CNOT10
ALG1,,,URGCP
GTF3C2,,,RAB29
NELFA,,,VPS28
TCP11L1,,,ATG4B
DDX46,,,RPF1
UBE2O,,,UBL4A
ATP6V0A1,,,RTN3
ERLIN1,,,PITPNC1
TSR1,,,VAMP3
ATF7,,,TAF7
EEFSEC,,,COL4A2
AATF,,,PI4K2B
CKAP2L,,,ANKRD13C
INTS8,,,NOP53
HNRNPH3,,,PDLIM1
THOC2,,,PALM2
FOXJ2,,,ABCC4
LRPPRC,,,ZNF148
NAE1,,,DNTTIP2
COPS6,,,SLC7A6OS
SENP3,,,ZC3H11A
RPA2,,,RABEP2
STRADA,,,DAPK3
POR,,,GIPC3
GMIP,,,SOGA3
LGMN,,,CWC22
PACS1,,,PLCB2
PRKAR2A,,,ACBD6
RBBP5,,,MTMR12
TUBGCP3,,,RPL17
JMY,,,CFL1
EMC1,,,YIF1B
NUP205,,,PCNT
FGD6,,,SH3GLB2
HINT3,,,COX5A
RUFY2,,,SLC30A1
PRPF3,,,ZC3H13
CLIC2,,,RPAP2
SYNRG,,,STX3
SNRNP70,,,SSH2
TMEM87A,,,P3H2
APPBP2,,,WDR47
GALT,,,ARMC8
TFB2M,,,TAF6L
SACM1L,,,CACUL1
SMG1,,,PIP4K2C
COG6,,,DLG3
DDX17,,,CORO1A
SLC25A52,,,ERCC6
STK25,,,KDM2B
SF3B3,,,ATP6V1H
OCRL,,,CDKN2AIP
CDK11B,,,CRYBG3
KRT8,,,ABLIM1
MTPAP,,,MLLT1
DIS3,,,PIK3R4
EFHD2,,,MASTL
EPN1,,,RAB27A
PLD2,,,SIL1
GAB1,,,RBM48
ATG9A,,,DCAF8
ABHD13,,,UTP6
TUT4,,,LSM3
RPL13A,,,PTPN1
FEN1,,,DENND1A
TRMT11,,,GTF3C5
CFAP418,,,SMAP2
SNRPGP15,,,FZD2
BAP18,,,ZFHX3
YWHAG,,,PLEKHA7
STYX,,,ATF7IP
DYSF,,,WTAP
USP5,,,NT5E
PMM2,,,LAMA1
EIF2S2,,,PSMD8
IDH1,,,NDUFAB1
BAZ1A,,,ATF1
SCAMP1,,,PAF1
TERF2,,,MAP3K7
TRRAP,,,SNX16
ZC3H7B,,,RHOC
ARFIP2,,,MED27
RPL18,,,RPS6KA4
PIGU,,,NXT1
UBTD1,,,HRAS
ARHGAP12,,,ATL2
KIF11,,,SMARCE1
EIF2D,,,TSPYL5
LAMTOR5,,,PCYT2
TOE1,,,TWNK
MSTO1,,,FAM171A2
MCTS1,,,XRCC3
MTO1,,,TAOK3
PTRH2,,,ZNF830
ZNF622,,,RABGAP1L
ATG5,,,DNAAF10
QRSL1,,,ATG4A
NACC1,,,ICAM2
PDS5A,,,CREG1
AP3D1,,,SAMD1
OGFOD1,,,LYN
RPL8,,,RCN3
FBXO44,,,ARIH2
FBXO45,,,CRLF3
PPHLN1,,,TOPBP1
GCN1,,,BORCS6
RAB23,,,MAPK9
HEATR5B,,,DOCK5
RHOB,,,DNAJC25
ENOPH1,,,PNMA1
SAP30,,,ZNF451
ORC5,,,COL12A1
PRKCZ,,,CDK5RAP1
PBXIP1,,,KDM4A
PRUNE1,,,PDCD2L
TLK2,,,FHIP1B
CREB1,,,MNAT1
SEPTIN7,,,UPF3B
SLC25A19,,,TES
RPS15A,,,MRTFB
URI1,,,USP47
LRRC8D,,,CEPT1
TESC,,,SMYD3
AK2,,,NSMCE2
NAXE,,,TAF11
GDI1,,,TUBB1
PGRMC1,,,LPIN1
CLIP1,,,FAF1
MAP2K4,,,RSL24D1
RAB6A,,,PTRHD1
RNPS1,,,TENT4B
PTPMT1,,,ZNF574
NCS1,,,DDX19A
RNF7,,,PPP4R3B
NFXL1,,,TGS1
FMNL1,,,KIF5C
SYNCRIP,,,POLR3F
MMS19,,,ENDOG
SON,,,YKT6
FLNA,,,AASDH
RBM4B,,,ZBTB11
BCR,,,POLR1D
RRP12,,,MRPL49
HOOK2,,,ELP4
MESD,,,CDK7
FHIP2B,,,ATF2
CNN3,,,HAUS4
SMC1A,,,SEC23B
UFSP2,,,ABCC5
ALCAM,,,STX7
CEP350,,,CHMP6
CWF19L1,,,ELL
GNB2,,,NFYA
AGAP3,,,RAB6B
EPHX2,,,CHMP7
DSTN,,,EHMT1
GTF3C1,,,TCOF1
PRPF39,,,YBX2
WASHC3,,,SF3A2
TOR4A,,,PXMP4
CTDP1,,,GPR89A
FBXO22,,,PCID2
PTPRF,,,CHD7
PKNOX1,,,NFAT5
NDUFS5,,,NUCB2
RCC1L,,,HOOK3
AAMDC,,,TMEM115
SPCS2,,,NUCB1
SYS1,,,ATP5MK
CDC73,,,PARVB
CYRIB,,,ARHGEF17
DDHD1,,,TDP1
PEX6,,,WDR26
ALDH1L2,,,HCCS
ZC3HC1,,,TADA3
SCAF1,,,GXYLT1
PRKAB1,,,AAR2
ARCN1,,,LIG4
SRGAP1,,,SLC52A2
MRPS34,,,RILPL1
VCPIP1,,,KIF3A
LARS1,,,RABGEF1
WASHC4,,,CALCOCO1
RBM12,,,UBE2G2
AKAP8,,,SOWAHC
PHKG2,,,HAUS1
HPS5,,,ARHGEF18
PKN3,,,GPAT4
NHLRC2,,,ANAPC10
SCRN2,,,BLOC1S4
WDR61,,,AVEN
RELN,,,MTFR1
CFDP1,,,TRIM27
CUL4B,,,OGT
CRK,,,KIRREL1
CNOT2,,,HAUS7
CPNE8,,,VMP1
TSPAN14,,,MLST8
ADCY6,,,PPM1B
VWA8,,,CDC42EP2
ALKBH8,,,SMARCB1
COMMD8,,,SLC35B3
ASH2L,,,LSM5
JRKL,,,MED8
IPO7,,,STK19
ARL5B,,,FOSL2
GCAT,,,MIER1
FNTA,,,TOR1B
LZTS2,,,CGN
SURF6,,,DOCK10
ATL3,,,RECQL5
PPM1F,,,ZMYM1
UBE2K,,,PEAK1
AGTRAP,,,TJAP1
ITGB1,,,TADA2B
HGH1,,,PNPLA2
DDX51,,,DAB2
SNRNP40,,,ARF4
RAB3GAP2,,,CD2BP2
HMBS,,,TEAD4
RPL22L1,,,FYN
DDI2,,,SLC6A6
SYMPK,,,TIMMDC1
TMED2,,,TCAF1
WDR11,,,ADRM1
PREB,,,PEX16
PDXK,,,CDR2L
NASP,,,CDK4
LRRC59,,,AIFM2
MGAT4B,,,TASOR2
BLVRA,,,NHSL1
RPS9,,,CHPF
XPO1,,,PLEKHO2
CAND2,,,GALNT10
FADD,,,KLHL11
SURF4,,,PDLIM4
LRRC41,,,POLR3C
EML4,,,CHD8
TOR1A,,,PEX1
PNO1,,,TMEM131
ARF5,,,TANGO6
NDUFB4,,,APOBEC3B
WDR83,,,MAN1A2
EDC3,,,PTPRK
AP3B1,,,B3GALT6
F11R,,,GALNT14
SARS1,,,NCOA3
BAG5,,,XAB2
GET3,,,RPL36A
IQSEC2,,,CBX4
RUSC2,,,N4BP1
RTEL1,,,CLDND1
GMPR2,,,ATG2B
DCTN1,,,POMP
NOP9,,,GORAB
WASF1,,,SPAG1
TOX4,,,ANTXR2
CAB39L,,,HDGF
NUFIP2,,,GRPEL2
IKBKG,,,MKRN2
ARHGAP1,,,EHBP1
YTHDC1,,,CORO2A
BANP,,,SCIN
NAPRT,,,CTIF
STRN,,,TIMM17A
ARHGEF7,,,GNG5
SSB,,,PRDM10
CCZ1B,,,ADO
CCDC97,,,ARHGEF11
MRPS7,,,CHMP4B
ZCCHC17,,,EPB41L5
EXT2,,,M6PR
HEATR5A,,,KTI12
TMEM70,,,TANK
USP54,,,CTU2
FCHO2,,,POC1B
RPE,,,APBB1
DCUN1D1,,,MCRS1
CASTOR2,,,PIAS1
FBXL8,,,CNOT8
EDC4,,,PANX1
ACTR2,,,UBASH3B
SCARB1,,,NDUFB6
PISD,,,ATG12
TYW3,,,JMJD1C
ASAP2,,,FBXL6
UBR3,,,LCORL
PPP1R13L,,,RAB4A
RGL2,,,DCAF6
CARM1,,,ZBTB21
FSCN1,,,ALG8
AP1B1,,,PREPL
MAU2,,,ELOVL4
DAP3,,,ASB6
ACTR1B,,,KLHDC4
DUSP23,,,CASP2
GDE1,,,ZBTB2
CEP89,,,CDA
MEST,,,FAM20B
TRIM32,,,NEPRO
SIK3,,,QSER1
GLYR1,,,FAM126A
DGAT1,,,SMARCA1
ARL6IP1,,,FBXO3
PDLIM5,,,SCAMP2
RPS6KC1,,,CHMP1A
FBXO7,,,MORF4L2
PSMD11,,,CIZ1
SH3GL1,,,NEDD8
SMC5,,,HMGN5
KIN,,,TMEM167A
RPP30,,,C7orf26
RPS6KA3,,,SRSF9
RBM19,,,MED15
CCAR2,,,TEX2
ZW10,,,EFNB1
WEE1,,,STK17A
GGACT,,,PXDC1
FBL,,,SLC35F2
OGFOD2,,,YIPF5
SRSF4,,,TRAPPC2L
NEK9,,,JADE1
AP3M1,,,AK6
ZMYM2,,,RAF1
HCFC2,,,PLEKHG3
GORASP1,,,MAML2
WNK2,,,FRG1
POLR2G,,,SNX17
STX6,,,TSEN15
RDH14,,,XPR1
OPA1,,,SPECC1
AKAP13,,,CCDC43
DYNLL2,,,ZGPAT
GOLM2,,,NIN
GSR,,,SLC9A6
ARHGEF12,,,HDAC7
LACTB2,,,ZFP36L1
CASC3,,,SNIP1
EBP,,,PPP1R12C
NMT1,,,ATP5PD
PJA2,,,PDLIM3
PTPRN2,,,SMYD2
DCAF7,,,NAV1
ZNF281,,,NENF
THEM6,,,MB21D2
SF3A3,,,AMMECR1
HPF1,,,Q6ZSR9
TAOK2,,,NUDCD1
ARPC4,,,CNPY4
ESRRA,,,POLK
ATP1B3,,,SGPP1
USP10,,,KCTD5
HELZ2,,,USP36
ZFHX4,,,MRPS33
TFCP2,,,TRAFD1
SPARC,,,LRRFIP2
CHMP2B,,,PUS10
DYNC1I2,,,SLC38A9
LBR,,,CENPE
YLPM1,,,ZDHHC5
PAXIP1,,,TMEM120A
TJP1,,,NOL12
INTS3,,,TANC1
LRRC1,,,TXNDC11
THOC5,,,RGS19
DHX57,,,CKLF
PEX5,,,TNRC6B
PUS7L,,,INPP5F
MEF2D,,,VAMP2
FHIP2A,,,EYA4
NUBP2,,,ELOVL2
SEC16A,,,STK3
TARBP1,,,MIF4GD
DCTD,,,SNX12
AUP1,,,CRACR2A
VPS29,,,PELO
KANSL3,,,ZNF462
FAM133B,,,STK26
TPR,,,POLR1A
TMPO,,,SMURF2
TBCC,,,TMEM30A
HBS1L,,,ESF1
KDM7A,,,DLGAP4
NBEAL2,,,C14orf119
TRAPPC2,,,NDUFA3
WDR89,,,ATP6V1F
TUBB4B,,,SLC39A14
SLC20A2,,,SRFBP1
RPUSD3,,,MRPL40
HDAC1,,,YPEL5
GNB3,,,DGKE
TUBB,,,CCDC80
COA3,,,RIOK2
PRPF6,,,XPO6
ASRGL1,,,KCMF1
NUP155,,,AFAP1
PRSS1,,,SIRT1
COG3,,,MET
ARHGEF5,,,BACH1
PAFAH1B1,,,SDE2
FLAD1,,,POTEJ
ACAA1,,,CROT
TDRD7,,,PLSCR3
E2F4,,,DYNLL1
WDR74,,,CTH
EMC8,,,OTULINL
MIS12,,,NUDT9
CINP,,,TRIM16
EWSR1,,,ALMS1
RPS2,,,OIP5
SBF1,,,SPDL1
TFIP11,,,MYL9
RBSN,,,SAC3D1
C20orf27,,,ACD
GNB4,,,RNPC3
PLD3,,,TYK2
RTRAF,,,SPOUT1
EXOC2,,,CCDC77
SLC25A29,,,IPO8
HERC2,,,CBX1
ERP29,,,MINDY3
UPP1,,,SH3PXD2A
NOP16,,,AKAP10
IFT22,,,CNTRL
RRP9,,,TSR3
AMPH,,,LSR
ADK,,,TNS1
VPS52,,,USP33
RUVBL1,,,UBE3D
TUSC3,,,RAD51C
ANKRD52,,,PPP3CC
POTEKP,,,ALKBH7
RPS6KA1,,,GNAI1
GPX1,,,RPL13
MYPN,,,C2CD2L
APIP,,,BRSK2
CERS2,,,GPRASP2
USP38,,,PTAR1
PMPCA,,,RHOF
TTC39C,,,MMS22L
EP300,,,PRELID3B
USP20,,,C3
MYO19,,,NDUFB10
RUVBL2,,,PPP2R5C
COPS5,,,MELK
IARS1,,,MAPK8
SEC14L1,,,MRPL57
HSD17B7,,,DEPDC1B
IFT74,,,RWDD2A
PPFIBP1,,,CEP78
YEATS4,,,POLA2
TYMS,,,EAPP
FKBP10,,,GFER
MZT1,,,PLEKHA6
CPPED1,,,DPM3
PPM1A,,,AGAP2
FOSL1,,,CHMP4C
TAF3,,,CCDC32
OGFR,,,SH2D4A
SRSF5,,,BNC1
KIF18A,,,RCN1
SUPT5H,,,MAPRE3
NECAP2,,,NPAT
FNBP4,,,SFMBT1
STX12,,,RBM3
PRC1,,,DLC1
HDAC6,,,LEPROT
TMEM68,,,PVR
NOCT,,,AKT1S1
PIK3CB,,,C9orf40
UFL1,,,DNAJB5
MAPK3,,,S100A10
ZBTB40,,,MKRN1
TRMU,,,KRT85
NRAS,,,NEDD9
PRKDC,,,HSP90AA4P
GORASP2,,,MBD2
ZNF143,,,MCL1
RPSA,,,YBX3
PABPC4,,,KIAA0930
MOB2,,,MPHOSPH8
NUP62,,,GTF2A1
PMVK,,,DNAJC21
RREB1,,,FBN2
FUOM,,,KRT1
SNX30,,,OTUD5
FGF2,,,GPBP1
TFG,,,NOL3
MORC2,,,LTV1
PITRM1,,,RAB11A
SRCAP,,,MRAS
CPM,,,AMOT
PRKACA,,,PNKD
ADNP,,,SEC61G
RAN,,,KDELR1
CSNK2A2,,,ATP6V0A4
GPATCH11,,,DERPC
DHRS1,,,CUSTOS
SH3GLB1,,,RAB3IL1
CAMK4,,,KRT5
KCTD12,,,GRN
PPP3CB,,,ITIH2
PRDX1,,,TMUB2
CBX8,,,IQCJ-SCHIP1
FRYL,,,LAPTM4A
TULP3,,,HMGB1
C11orf54,,,KRT10
ITGB5,,,CHCHD6
RANBP10,,,ZNF217
AKT3,,,TMSB4X
ARMH3,,,NME2P1
RPRD2,,,PRSS3
AKT1,,,SHKBP1
VIRMA,,,PRR36
MICB,,,RPS26
DRG2,,,SYF2
NELFB,,,PHF23
PLEKHM2,,,NRSN2
SRP68,,,ADAMTS1
GNAI2,,,FAM136A
ZNF280D,,,UQCC2
GLS,,,CRACD
WDR45B,,,BCL9L
KDM2A,,,FAM83G
CD68,,,CBX2
CKB,,,EDRF1
SLC25A36,,,POLR3G
COPB2,,,VPS72
SRRM2,,,SLC7A6
UBR5,,,RPL29
C1GALT1,,,TAF10
TSC22D1,,,ISY1
BRD9,,,MARCKS
EXOC7,,,VWA3B
RNF123,,,FBLIM1
PRKCD,,,GPALPP1
NDUFA7,,,KRT2
APAF1,,,GNG12
GPS1,,,NFX1
DARS2,,,LTF
DERL1,,,RPL35
FARP2,,,CCDC9
USP34,,,KRT6A
MYD88,,,CNBP
RAB10,,,RPL37
NCEH1,,,HMGB2
MGAT2,,,PPP1R14A
INA,,,SCOC
UBAP1,,,RPS25
METAP1,,,HMGN4
RICTOR,,,NUCKS1
RBM10,,,CCDC86
LAMB3,,,FHL3
SEMA3C,,,RPL39
ARRB2,,,HMGA2
PHPT1,,,MAPK10
ATN1,,,PTMA
SPHK2,,,HMGA1
LATS1,,,FAU
FARS2,,,HMGN2
CRTC2,,,
CCDC22,,,
EPPK1,,,
ELAVL2,,,
WDR55,,,
RBM24,,,
IRAK4,,,
RPL14,,,
MAGEL2,,,
REXO1,,,
PSMD7,,,
TRA2A,,,
USP48,,,
UGGT2,,,
DIP2B,,,
CNDP2,,,
KLHL25,,,
RAP1B,,,
HELZ,,,
RPS7,,,
NEMP1,,,
KLC4,,,
SHARPIN,,,
MAP7D1,,,
NOSIP,,,
ACTR1A,,,
FIP1L1,,,
COIL,,,
POP7,,,
POLR3A,,,
XIAP,,,
DENND6A,,,
DNM1L,,,
NSMCE4A,,,
UBN2,,,
NUBP1,,,
SYDE2,,,
ZNF207,,,
VTI1B,,,
HIKESHI,,,
DTWD2,,,
NEU3,,,
FBRS,,,
ABCB7,,,
SMCR8,,,
MYO9B,,,
NOL6,,,
RHEB,,,
TARDBP,,,
MAN1B1,,,
EIF2S3,,,
TRDMT1,,,
NUP88,,,
TSG101,,,
HSPA13,,,
UFM1,,,
JRK,,,
CAPZB,,,
TRMT61A,,,
CHD1L,,,
TBC1D1,,,
PXK,,,
NCBP1,,,
GTF2H1,,,
MPDU1,,,
RNF40,,,
ARID4B,,,
NMNAT1,,,
NUDT16,,,
AIMP1,,,
PRKD1,,,
TBC1D24,,,
CERT1,,,
NT5C3B,,,
CCDC134,,,
MTM1,,,
ZNF22,,,
SETD2,,,
RBM42,,,
POLRMT,,,
IP6K1,,,
PLXND1,,,
NCBP3,,,
UTP25,,,
PDE4DIP,,,
HACD3,,,
LAMA5,,,
PHAX,,,
TERF2IP,,,
DDX39A,,,
ATP6V0A2,,,
MSL1,,,
C7orf25,,,
EXOSC3,,,
PHF12,,,
ZFR,,,
PEPD,,,
COQ6,,,
THADA,,,
PCIF1,,,
MRPS22,,,
SAMD8,,,
EXOC6B,,,
WASF2,,,
TBL1X,,,
MRPS23,,,
COG8,,,
EIF2B2,,,
NIPSNAP3A,,,
ZNF346,,,
PAPSS1,,,
SECISBP2L,,,
CUL3,,,
OSBPL9,,,
ELMO2,,,
TNKS2,,,
THOC3,,,
ILRUN,,,
NCOA6,,,
GDAP2,,,
TUBA1C,,,
PRKAR1B,,,
SFT2D3,,,
EEF1A2,,,
CNN2,,,
FUBP3,,,
NCSTN,,,
OXR1,,,
CUX1,,,
STXBP4,,,
HINT1,,,
TBC1D10B,,,
PLCG2,,,
PDCD6IP,,,
SAFB,,,
SAE1,,,
CCNDBP1,,,
RPL3,,,
SNX27,,,
MFF,,,
PSMD5,,,
ZNF638,,,
BABAM1,,,
ARHGAP27,,,
NDRG2,,,
ATG16L1,,,
MRPS9,,,
RPL7,,,
UBE2Q1,,,
CTNNBL1,,,
AIDA,,,
COPS7B,,,
METTL16,,,
UTP23,,,
PFKFB4,,,
TIGAR,,,
PPFIA1,,,
SUDS3,,,
GUK1,,,
ATP6V1D,,,
TBC1D23,,,
GLTP,,,
COMMD1,,,
IMPDH1,,,
LSM8,,,
DBR1,,,
GTF3C3,,,
HERC4,,,
ANXA11,,,
MAP2K2,,,
BIRC2,,,
NEDD4L,,,
CHMP4A,,,
DCAF16,,,
SCRIB,,,
TXNRD1,,,
ARID3A,,,
POLE2,,,
MED20,,,
PAXX,,,
PKN2,,,
RAD21,,,
PKP4,,,
COG1,,,
NXN,,,
AEBP2,,,
GHDC,,,
TUBA1B,,,
XPO7,,,
RPS27L,,,
IVNS1ABP,,,
URB2,,,
CAMSAP2,,,
RBM27,,,
RACK1,,,
ERCC5,,,
ZC3H14,,,
MSH6,,,
DDX24,,,
RCCD1,,,
GGA2,,,
SBF2,,,
WASHC5,,,
FAM76B,,,
SART1,,,
VIPAS39,,,
WDR18,,,
PHF6,,,
ARL2BP,,,
NUP35,,,
PRPF19,,,
ACBD3,,,
TPRG1L,,,
NLN,,,
UROS,,,
VPS37B,,,
PHF8,,,
CRNKL1,,,
SNX6,,,
PTGES3,,,
PSMC2,,,
RDH11,,,
SH3BP4,,,
PIEZO1,,,
C18orf25,,,
YTHDF1,,,
FLCN,,,
DCP1A,,,
VKORC1L1,,,
RPS23,,,
DPP9,,,
IGBP1,,,
FBXO21,,,
ARL6IP5,,,
SNUPN,,,
BCAP31,,,
THUMPD3,,,
GMPR,,,
CTR9,,,
TBCD,,,
MARF1,,,
RFX5,,,
SELENOF,,,
NFRKB,,,
WAPL,,,
GLMN,,,
CFAP36,,,
ABRACL,,,
MYO5A,,,
SNX4,,,
TOR3A,,,
EMD,,,
UBE2M,,,
POLR2A,,,
TRAPPC5,,,
ATE1,,,
SNCA,,,
CRBN,,,
XYLB,,,
NAA16,,,
PGGT1B,,,
PATZ1,,,
CDC42BPB,,,
LUC7L,,,
TDRD3,,,
TPMT,,,
CCDC47,,,
NDRG3,,,
CYB5R2,,,
ARL13B,,,
CASP8,,,
TCF20,,,
RBM23,,,
KRTCAP2,,,
CAPZA1,,,
FH,,,
MVD,,,
SCP2,,,
TAF9,,,
ANXA1,,,
SNAP23,,,
PARP2,,,
UNC93B1,,,
GPR39,,,
TOP1,,,
CLK2,,,
TSC2,,,
ACTR3,,,
PGAM1,,,
COQ3,,,
NOC2L,,,
BID,,,
CD276,,,
NFKBIE,,,
PAPSS2,,,
STARD7,,,
RPS27,,,
FOXRED1,,,
EPHB2,,,
AS3MT,,,
ROCK1,,,
ZFPL1,,,
SAR1B,,,
AKAP9,,,
CORO1B,,,
HMG20A,,,
NIPBL,,,
DCTN4,,,
POLD2,,,
SNAPIN,,,
CLIP2,,,
EMB,,,
PATJ,,,
RBM15,,,
CMTM7,,,
INTS12,,,
HDDC2,,,
HNRNPR,,,
EPN2,,,
PRKAA1,,,
TRAPPC13,,,
CAPN1,,,
SH3BP1,,,
INPP1,,,
TBCE,,,
STX5,,,
ZZEF1,,,
COPS7A,,,
ATP2B1,,,
GALNT1,,,
PSMC6,,,
NDUFB7,,,
USP14,,,
OXA1L,,,
PCBP1,,,
C2CD5,,,
TRAF7,,,
KRT18,,,
RPL35A,,,
AAK1,,,
FUCA2,,,
SHC1,,,
MAP2K1,,,
EXOC1,,,
RAB2A,,,
CCDC88A,,,
FARSA,,,
METTL13,,,
AFTPH,,,
TRAPPC8,,,
PFKP,,,
ZNF579,,,
TRAPPC4,,,
RANGRF,,,
OSTF1,,,
MAP2K5,,,
APRT,,,
FLII,,,
LIMS1,,,
RABEPK,,,
AVL9,,,
QARS1,,,
ARAF,,,
PATL1,,,
VASP,,,
ZNF598,,,
SRP72,,,
SRP9,,,
SUPT6H,,,
RINL,,,
INPP4A,,,
PHF14,,,
USO1,,,
DHX15,,,
ANAPC1,,,
DBN1,,,
EHBP1L1,,,
ERLEC1,,,
RC3H1,,,
APPL2,,,
MOB4,,,
RBM12B,,,
TAX1BP1,,,
MLLT10,,,
CAD,,,
CEP164,,,
CMSS1,,,
CHD4,,,
TXN2,,,
CLINT1,,,
CEP192,,,
SPG21,,,
DIAPH2,,,
EIF4G3,,,
ZNF106,,,
TUBB2A,,,
COPG1,,,
DIS3L2,,,
EXOC6,,,
GIT1,,,
TMEM161B,,,
CLK3,,,
GRB2,,,
TRIOBP,,,
SCAMP4,,,
ELAVL1,,,
FKBP8,,,
CLTC,,,
COG4,,,
SNRNP200,,,
ARIH1,,,
DIP2A,,,
DST,,,
BIN3,,,
TAB1,,,
NDUFB8,,,
PRPF8,,,
IK,,,
MPHOSPH10,,,
BCORL1,,,
LRIF1,,,
DOCK7,,,
NMD3,,,
COX18,,,
HNRNPLL,,,
COX20,,,
SGF29,,,
RAB22A,,,
GPATCH1,,,
AP2A1,,,
LZIC,,,
TUBGCP2,,,
TRIP11,,,
SNX3,,,
NOL10,,,
ADCY9,,,
ZWILCH,,,
ADAR,,,
MBLAC2,,,
ATG7,,,
TXNDC12,,,
ARFIP1,,,
LSM2,,,
MAP4K2,,,
SNX24,,,
SP2,,,
WRAP53,,,
THBS3,,,
PIK3R2,,,
PCK2,,,
MFN1,,,
GSDMD,,,
ZNF687,,,
GSTCD,,,
SCLY,,,
TBC1D22A,,,
EMC2,,,
DNPEP,,,
SWAP70,,,
SLC30A7,,,
SSU72,,,
HBD,,,
STX4,,,
APEH,,,
KIF1C,,,
TARBP2,,,
ARHGAP21,,,
MCC,,,
MEN1,,,
GNAS,,,
UTP3,,,
LIPA,,,
RGPD3,,,
RPL5,,,
NPHP4,,,
ROBO1,,,
CTU1,,,
NT5DC3,,,
CRYZL1,,,
POLR2C,,,
ANK2,,,
ADD2,,,
PGM2,,,
ZBTB7A,,,
TASOR,,,
ANKRD28,,,
LITAF,,,
LANCL2,,,
EARS2,,,
CEP170,,,
RCL1,,,
PSPC1,,,
TMED5,,,
VPS53,,,
SIPA1L1,,,
UFC1,,,
GABPA,,,
WBP11,,,
VPS13A,,,
MICAL1,,,
FNBP1L,,,
MSH2,,,
SEPTIN10,,,
KLF16,,,
MRPS27,,,
EEF1G,,,
CDC34,,,
MBIP,,,
MYH14,,,
CDKAL1,,,
PACSIN2,,,
RCOR1,,,
SIGMAR1,,,
IMP4,,,
CENPM,,,
PGLS,,,
AP1M1,,,
SH3BP5L,,,
CYB5B,,,
RTF1,,,
ANKRD54,,,
KRT14,,,
AP2S1,,,
MAD1L1,,,
KPNA5,,,
DEK,,,
EPC2,,,
GTPBP2,,,
ANKRD50,,,
FKBP3,,,
SNX1,,,
NSRP1,,,
RASAL2,,,
CARHSP1,,,
NCOR1,,,
OCIAD2,,,
RTKN,,,
TSN,,,
ITCH,,,
PPP6R2,,,
UBE2Z,,,
B4GALT1,,,
BMS1,,,
EXD2,,,
PRR5L,,,
MOCS1,,,
XPA,,,
CTSF,,,
PUS7,,,
RPS3,,,
SMG8,,,
CTDSPL2,,,
SELENOO,,,
OSBPL8,,,
ERGIC2,,,
ACTR10,,,
CHUK,,,
METTL3,,,
TAF6,,,
RAB21,,,
KATNA1,,,
LARS2,,,
EPB41L2,,,
CC2D1B,,,
NEK3,,,
ARL6IP6,,,
COPB1,,,
L3HYPDH,,,
RNF121,,,
TRIM37,,,
USP24,,,
ATP11A,,,
POLR2B,,,
SMS,,,
VCL,,,
NPM3,,,
ACIN1,,,
GOLM1,,,
GDPGP1,,,
PARVA,,,
ZBTB4,,,
ADGRE5,,,
CPEB2,,,
WDR36,,,
RAD23A,,,
OSBPL10,,,
COX4I1,,,
CAST,,,
OTULIN,,,
FBXO38,,,
ALDH2,,,
ARMCX3,,,
HEXIM1,,,
TNPO3,,,
RPL38,,,
WBP4,,,
EFTUD2,,,
MACF1,,,
PRKCA,,,
VPS51,,,
NUP43,,,
TP53RK,,,
EXOSC2,,,
MRM3,,,
ICE1,,,
CHMP3,,,
SRGAP2,,,
RB1CC1,,,
PPP2R3A,,,
ARHGEF2,,,
BRI3BP,,,
ATXN2,,,
CAPG,,,
SETX,,,
PSPH,,,
PICK1,,,
FYTTD1,,,
ERI1,,,
SPAST,,,
CHCHD4,,,
DYNC2I1,,,
EPHB4,,,
DIS3L,,,
CHRDL1,,,
RGS20,,,
DYNC2I2,,,
DDX19B,,,
RELA,,,
LARP1B,,,
RAB5C,,,
OXSR1,,,
SPEN,,,
AHCTF1,,,
RASA2,,,
GADD45GIP1,,,
SLFN11,,,
AHDC1,,,
ZNF512B,,,
RUFY3,,,
MDP1,,,
PARD3,,,
TLE1,,,
POTEI,,,
YME1L1,,,
HTATSF1,,,
SCAMP3,,,
ORC4,,,
SPNS1,,,
XXYLT1,,,
SCML2,,,
SIX4,,,
CNNM4,,,
HJURP,,,
ATG2A,,,
ANKIB1,,,
STK32C,,,
TSR2,,,
EXOSC5,,,
VPS4B,,,
DNM2,,,
PPP3CA,,,
TBL2,,,
KIAA1143,,,
ZNF609,,,
MCFD2,,,
MED21,,,
VPS50,,,
NCKAP1,,,
RAD1,,,
ABI1,,,
PPP2R2A,,,
XRN1,,,
NUMB,,,
KRR1,,,
GNPDA2,,,
NIF3L1,,,
MRPS18A,,,
GPSM1,,,
EPHA2,,,
ITPRID2,,,
NSL1,,,
PEG10,,,
USP9X,,,
ATP6V1E1,,,
TUBB4A,,,
LDLR,,,
FBXO30,,,
SUN2,,,
SLC4A1AP,,,
UIMC1,,,
SDF4,,,
PLP2,,,
HECTD3,,,
FDXR,,,
ALG9,,,
NT5C2,,,
EIPR1,,,
CS,,,
PIBF1,,,
GMPPB,,,
UBE2D2,,,
RABL6,,,
CDS2,,,
BRD8,,,
RAB5A,,,
ADARB1,,,
ELF1,,,
MICALL2,,,
GCLM,,,
MT-ND5,,,
CLIC4,,,
GLRX,,,
EIF5B,,,
RBFA,,,
CHID1,,,
FUT8,,,
PRPSAP1,,,
WDR20,,,
MED6,,,
GRIPAP1,,,
STX2,,,
C2orf76,,,
CDC42BPA,,,
GNA11,,,
RBM25,,,
HSPB11,,,
THNSL1,,,
AACS,,,
LIN9,,,
WIZ,,,
BST1,,,
CRKL,,,
MICAL2,,,
YWHAH,,,
FAM98C,,,
NLE1,,,
NDUFB9,,,
SMG9,,,
PANK4,,,
ARHGDIB,,,
SCAP,,,
STAM,,,
PSMC3,,,
PTDSS1,,,
RPS6,,,
HMG20B,,,
DOP1A,,,
TMED8,,,
CHP1,,,
VPS4A,,,
TRMT10A,,,
HLTF,,,
TADA1,,,
DHX8,,,
PTPRE,,,
DDX54,,,
DUS1L,,,
ZNF280C,,,
PPP6R1,,,
SHCBP1,,,
IGF2BP1,,,
PPP4R1,,,
PLA2G4A,,,
TTI2,,,
CIAPIN1,,,
PSMD13,,,
RPF2,,,
CKMT1A,,,
JPT1,,,
DUSP9,,,
HEXA,,,
NSDHL,,,
ADAM10,,,
PURA,,,
ARHGAP17,,,
SPRYD4,,,
FGD4,,,
MTMR9,,,
CAPNS1,,,
AP1G1,,,
NUP107,,,
SMG6,,,
ECI1,,,
GMDS,,,
CHKA,,,
HARS1,,,
AHCYL2,,,
USP28,,,
CEP41,,,
LGALSL,,,
TOMM20,,,
BRAF,,,
ISOC1,,,
VPS45,,,
TMEM97,,,
PARP12,,,
PRTFDC1,,,
FDX2,,,
WWC2,,,
CDK12,,,
KRT7,,,
SBNO1,,,
POLR2H,,,
CALML3,,,
PRPSAP2,,,
TRMT13,,,
PPP1R8,,,
KIFAP3,,,
MMADHC,,,
RTL8C,,,
DHX40,,,
DMTF1,,,
SLC30A9,,,
GLRX5,,,
LAMB1,,,
ZFC3H1,,,
TELO2,,,
EEF1E1,,,
RAP2C,,,
KIF22,,,
FBXL12,,,
NEMF,,,
SLTM,,,
UTP18,,,
NR2F2,,,
ALG5,,,
PECR,,,
SMARCC2,,,
RAPH1,,,
ARHGEF28,,,
DHX38,,,
CEP44,,,
PMF1,,,
SUZ12,,,
PPP4C,,,
ADCY3,,,
GPRC5A,,,
MRPL51,,,
ITGA3,,,
CSNK1G2,,,
FBXW5,,,
ZYX,,,
CPSF1,,,
MAT2A,,,
MGRN1,,,
FBXL15,,,
L1CAM,,,
TUBGCP5,,,
WNK1,,,
BZW1,,,
THRAP3,,,
LRCH3,,,
ELP6,,,
CTNND1,,,
DHX16,,,
RRAS2,,,
RABGGTA,,,
IFITM3,,,
PRRC2C,,,
AP2M1,,,
MYEF2,,,
PRRC2B,,,
BTN2A1,,,
KLHL9,,,
AMOTL2,,,
PRRC2A,,,
UBR2,,,
YIPF3,,,
RPL22,,,
ANPEP,,,
RPUSD4,,,
NPRL3,,,
PLEC,,,
CYFIP1,,,
ZMPSTE24,,,
GEMIN2,,,
ITSN1,,,
RAB11B,,,
ARHGAP18,,,
ROCK2,,,
SELENOT,,,
WDR41,,,
UBE3C,,,
AXL,,,
AFDN,,,
CAMK2G,,,
GPD1L,,,
MRPL41,,,
MICALL1,,,
MRPS26,,,
OSBP,,,
FOXK2,,,
IDE,,,
HERPUD1,,,
RBM33,,,
TANC2,,,
NUDCD2,,,
SNX21,,,
HAUS2,,,
LENG9,,,
NPLOC4,,,
DHX35,,,
MAP3K11,,,
SNF8,,,
POLR3E,,,
CLN5,,,
NANP,,,
G6PD,,,
CD151,,,
UVRAG,,,
AFG1L,,,
VAMP7,,,
EXOC4,,,
RAB34,,,
OSTM1,,,
CYLD,,,
NEFM,,,
HIF1AN,,,
ATR,,,
VEZF1,,,
SCAF11,,,
PROCR,,,
PHF10,,,
LLGL2,,,
HEBP1,,,
PRPF4,,,
PPIP5K2,,,
USP19,,,
RSBN1L,,,
CC2D1A,,,
TMCO1,,,
KPNA4,,,
RPL11,,,
KATNB1,,,
SNX7,,,
ASCC3,,,
LEO1,,,
TOM1,,,
SMG7,,,
KMT2D,,,
UHRF1BP1,,,
GDAP1,,,
EPS8,,,
ZNF318,,,
ASCC2,,,
PRKD2,,,
MTHFD1L,,,
PKP3,,,
MAP2K3,,,
BPTF,,,
SETD7,,,
DCAF13,,,
DGKA,,,
SRSF3,,,
GTF2H3,,,
ACSF3,,,
EPS15,,,
IKBKB,,,
GTF3C4,,,
PLXNA1,,,
RAD9A,,,
TNRC6C,,,
TOR1AIP2,,,
IFT88,,,
MID1,,,
DENND2A,,,
TM9SF2,,,
PRPF18,,,
LRCH4,,,
BICD2,,,
DAG1,,,
CDC37L1,,,
VMA21,,,
TUBG1,,,
MYCBP2,,,
STEEP1,,,
CMTM6,,,
CCNC,,,
IGHMBP2,,,
TMEM263,,,
PALS1,,,
PLRG1,,,
TEX264,,,
NOC3L,,,
FMNL2,,,
RIC8A,,,
PLEKHG5,,,
CDK2,,,
CDK5,,,
ZFP91,,,
CDC42,,,
ETF1,,,
ZFAND1,,,
LRWD1,,,
WASHC2A,,,
CSTF2T,,,
CDK8,,,
ARFGAP1,,,
SPATA5L1,,,
DUS2,,,
ARHGDIA,,,
NEDD1,,,
COPZ1,,,
LSM14A,,,
CHML,,,
NPHP3,,,
SMC3,,,
PTS,,,
CCDC93,,,
SMN1,,,
RHOA,,,
IFIT5,,,
BCAT1,,,
TCF25,,,
MMAA,,,
SNRPB2,,,
TYW1,,,
TBPL1,,,
DNAAF9,,,
CLPTM1L,,,
UBLCP1,,,
ATP5F1C,,,
TNPO2,,,
C1orf43,,,
UFD1,,,
CNOT6,,,
SLC25A32,,,
BSG,,,
STK4,,,
PSMB7,,,
NRBP1,,,
PSMD12,,,
FAM120B,,,
LMNA,,,
HACD2,,,
NECTIN2,,,
FMN2,,,
NDUFA2,,,
LEMD3,,,
GCFC2,,,
PTDSS2,,,
ATP2A2,,,
SRSF1,,,
KIAA0754,,,
TRIP10,,,
BNIP1,,,
CLASP1,,,
UBR1,,,
SIRT6,,,
ISG20L2,,,
PDCL3,,,
ACSL4,,,
MSRA,,,
RCN2,,,
PPIL4,,,
CWF19L2,,,
COMMD9,,,
CLIC3,,,
AP1S2,,,
NAA30,,,
YRDC,,,
CMTR2,,,
UGDH,,,
VPS39,,,
PTPN12,,,
RBMS1,,,
SPTBN2,,,
NOC4L,,,
C9orf78,,,
FERMT2,,,
GPC4,,,
PTPRM,,,
IPO9,,,
TTL,,,
SPINDOC,,,
SUGP2,,,
PUSL1,,,
DCTN6,,,
TUFM,,,
DSG2,,,
UBA5,,,
PFKFB3,,,
GPR107,,,
ABR,,,
C1orf50,,,
PNPLA4,,,
SAAL1,,,
DCAF11,,,
DDAH2,,,
RAB9A,,,
ARHGAP5,,,
STRN3,,,
KHDC4,,,
CARS1,,,
TBK1,,,
TSPYL1,,,
DCUN1D3,,,
GIT2,,,
SREBF2,,,
WDR91,,,
ATP2C1,,,
ARPC3,,,
MICOS13,,,
PPP6C,,,
SEC14L2,,,
CSTB,,,
TPD52L1,,,
TAF5,,,
ATP5PO,,,
CABIN1,,,
LYAR,,,
HIP1,,,
IMUP,,,
PCF11,,,
LRRC20,,,
SLC25A30,,,
WASHC2C,,,
SPTLC2,,,
AQR,,,
AP1S1,,,
SPTLC1,,,
MALT1,,,
KLC3,,,
UBR4,,,
SLC5A6,,,
PLK1,,,
ZSWIM8,,,
RPL19,,,
BAZ1B,,,
MEAK7,,,
PALD1,,,
MPV17,,,
MTDH,,,
OSBPL3,,,
CBR4,,,
PTPN14,,,
SLC4A7,,,
MRPS36,,,
MYH10,,,
TMEM165,,,
YJU2,,,
SEPTIN2,,,
GID8,,,
COASY,,,
PIH1D1,,,
ACP1,,,
ANKLE2,,,
RAB3GAP1,,,
UBA1,,,
CDCA7L,,,
NUP188,,,
PMS2,,,
PCTP,,,
CETN3,,,
GBF1,,,
TSC1,,,
ERG28,,,
TRAPPC3,,,
MYDGF,,,
ELP1,,,
CERS6,,,
SYNE2,,,
SLC35A3,,,
TRMT112,,,
CDK9,,,
CAMKK2,,,
CHAMP1,,,
PPP2CB,,,
LGALS8,,,
CASKIN2,,,
SCAF8,,,
TK1,,,
GGA1,,,
NSD1,,,
MCUR1,,,
MFAP1,,,
ZC3H18,,,
ABL1,,,
EIF2AK2,,,
RPP25L,,,
TACC1,,,
CNOT9,,,
ARL1,,,
DPH1,,,
CCDC115,,,
IFRD2,,,
TTC5,,,
RIC8B,,,
PAM16,,,
RAB11FIP5,,,
ARHGEF1,,,
MAF1,,,
TMEM214,,,
GOLGA3,,,
TRAPPC9,,,
KYAT3,,,
NUDT14,,,
ERC1,,,
SLU7,,,
MIEN1,,,
WDR4,,,
HYI,,,
CD99,,,
ANKZF1,,,
CCNY,,,
HERC1,,,
DENND3,,,
PDPK1,,,
FAM91A1,,,
NHP2,,,
TREX1,,,
CEMIP2,,,
RAB5IF,,,
ZYG11B,,,
SZT2,,,
ERCC1,,,
ELP5,,,
BLOC1S3,,,
MIB1,,,
DOHH,,,
NFIB,,,
TUBA8,,,
OS9,,,
CENPI,,,
SHTN1,,,
APTX,,,
DKC1,,,
CZIB,,,
UBE2I,,,
TRMT2A,,,
EXOC8,,,
ACTR8,,,
LIMA1,,,
GNE,,,
NAA40,,,
NXF1,,,
SLC26A2,,,
ABI2,,,
RMC1,,,
UBE2B,,,
GHITM,,,
PTK2,,,
PANK2,,,
DYNC1H1,,,
REXO4,,,
ACSL3,,,
PHLDA2,,,
MRE11,,,
ITGA5,,,
UAP1L1,,,
STXBP1,,,
RAB38,,,
RPAP3,,,
CD40,,,
SRSF10,,,
GAPVD1,,,
LZTR1,,,
SIPA1,,,
KLHL7,,,
TOMM6,,,
APP,,,
INPP5K,,,
STOML2,,,
RPL15,,,
USP8,,,
SAP30BP,,,
ARF1,,,
TOMM5,,,
NUP37,,,
TAF2,,,
RAP1GAP2,,,
NAA20,,,
ADGRG1,,,
ICE2,,,
OVCA2,,,
CDC42EP4,,,
ETNK1,,,
BROX,,,
UBE2V1,,,
MTMR6,,,
SH3BGRL2,,,
MAGI3,,,
MPRIP,,,
FXR2,,,
PTPN9,,,
RRAGA,,,
CDV3,,,
R3HDM1,,,
DNAJC13,,,
FAM50A,,,
CRYAB,,,
ARID4A,,,
PRKAA2,,,
CASP7,,,
SLC25A5,,,
JAK1,,,
USP32,,,
MAP4K3,,,
FEZ2,,,
FAM118B,,,
SRPK2,,,
PRDX2,,,
SNTB2,,,
MMAB,,,
VPS26A,,,
MYOF,,,
SNRPC,,,
TRUB1,,,
LRPAP1,,,
SBDS,,,
CTBP1,,,
GPT2,,,
CXorf38,,,
NRDE2,,,
TBC1D10A,,,
RBM5,,,
SEMA4C,,,
LUZP1,,,
ACOX3,,,
HUWE1,,,
TRIP12,,,
GIGYF1,,,
UTRN,,,
NEK1,,,
HAUS6,,,
SOS1,,,
LAMTOR1,,,
CRELD2,,,
CARMIL1,,,
DENND5B,,,
PLXNA3,,,
ARL2,,,
RSRC2,,,
DCAKD,,,
ATAD3A,,,
UXT,,,
MINPP1,,,
MORC3,,,
PPP1R12A,,,
DYNLT1,,,
DDX56,,,
CLPB,,,
ZMYND11,,,
ZNFX1,,,
MON2,,,
PRKAR2B,,,
RSF1,,,
C9orf64,,,
IBA57,,,
MORF4L1,,,
ZHX1,,,
KNOP1,,,
DDX10,,,
MARS1,,,
PDCL,,,
TSPAN6,,,
RHOG,,,
TRIM26,,,
KDM6A,,,
MYADM,,,
EPS8L2,,,
KIF2A,,,
KEAP1,,,
KCTD9,,,
CLTCL1,,,
RSPRY1,,,
ARAP1,,,
DUSP11,,,
KHNYN,,,
GALNT2,,,
TRAPPC6B,,,
SPTBN1,,,
DHPS,,,
COLGALT1,,,
KLHL26,,,
TAF12,,,
GMFB,,,
RAC1,,,
TIMM50,,,
STXBP5,,,
DHX37,,,
GGA3,,,
NUMBL,,,
NSD3,,,
CHEK1,,,
UBE2L6,,,
MBD1,,,
DAGLB,,,
CFAP298,,,
ATRN,,,
GNAQ,,,
ATP5ME,,,
TRAF2,,,
C17orf80,,,
TMED1,,,
MRPL14,,,
CTBP2,,,
PPP1CC,,,
DSN1,,,
USP39,,,
SLC29A1,,,
NFATC2IP,,,
DPM1,,,
PPP4R2,,,
CD59,,,
DPH2,,,
PFKM,,,
TRMT10C,,,
FAM98A,,,
NDE1,,,
ATG3,,,
NABP2,,,
TSFM,,,
MRTFA,,,
SORBS3,,,
ZFYVE16,,,
PHLDB1,,,
DDRGK1,,,
UNC13B,,,
RRP1,,,
TMEM259,,,
BGN,,,
CLPTM1,,,
SDHAF2,,,
KRI1,,,
CNOT10,,,
LRBA,,,
URGCP,,,
RAB29,,,
VPS28,,,
ATG4B,,,
RPF1,,,
NOVA1,,,
UBL4A,,,
RTN3,,,
PITPNC1,,,
VAMP3,,,
MRPS21,,,
RPA1,,,
ERCC2,,,
TAF7,,,
CDK5RAP2,,,
COL4A2,,,
TINF2,,,
PI4K2B,,,
CD320,,,
ANKRD13C,,,
PTK7,,,
NOP53,,,
FARP1,,,
PLS1,,,
DIABLO,,,
PDLIM1,,,
PSMB8,,,
USP25,,,
PALM2,,,
ABCC4,,,
ZNF148,,,
DNTTIP2,,,
SLC7A6OS,,,
SRBD1,,,
ZC3H11A,,,
NUP210,,,
RABEP2,,,
DAPK3,,,
GIPC3,,,
SOGA3,,,
CWC22,,,
DDX5,,,
PLCB2,,,
ALDOA,,,
ACBD6,,,
SEH1L,,,
MTMR12,,,
RPL17,,,
CFL1,,,
YIF1B,,,
PCNT,,,
GPR143,,,
SH3GLB2,,,
COX5A,,,
IQGAP1,,,
SLC30A1,,,
PRKCI,,,
ZC3H13,,,
LARP4,,,
RPAP2,,,
STX3,,,
MOXD1,,,
ADD1,,,
FMR1,,,
SSH2,,,
P3H2,,,
WDR47,,,
ARMC8,,,
VARS2,,,
PPIG,,,
METTL7B,,,
TAF6L,,,
PPP2R5A,,,
CACUL1,,,
PIP4K2C,,,
DLG3,,,
CORO1A,,,
ERCC6,,,
KDM2B,,,
JPT2,,,
ATP6V1H,,,
CDKN2AIP,,,
TOMM70,,,
CRYBG3,,,
ABLIM1,,,
ABRAXAS2,,,
MLLT1,,,
PIK3R4,,,
NIT2,,,
MASTL,,,
RAB27A,,,
WARS2,,,
SDHB,,,
SIL1,,,
PDCD6,,,
RBM48,,,
ARMCX2,,,
DCAF8,,,
UTP6,,,
LSM3,,,
PTPN1,,,
DENND1A,,,
HIP1R,,,
LCMT1,,,
TOP3B,,,
FAM221A,,,
GTF3C5,,,
HECTD1,,,
SMAP2,,,
FZD2,,,
LSS,,,
ZFHX3,,,
ZHX2,,,
VIM,,,
CBR1,,,
DNAJA2,,,
PLEKHA7,,,
MPST,,,
ATF7IP,,,
WTAP,,,
LRRC14,,,
NT5E,,,
LAMA1,,,
CAPZA2,,,
PSMD8,,,
NDUFAB1,,,
PPP1R21,,,
RNMT,,,
ATF1,,,
FAR1,,,
CDKN2AIPNL,,,
RER1,,,
RO60,,,
PAF1,,,
MAP3K7,,,
SNX16,,,
RHOC,,,
MED27,,,
RPS6KA4,,,
APOO,,,
NXT1,,,
RIDA,,,
HRAS,,,
ATL2,,,
IBTK,,,
SMARCE1,,,
ZMAT2,,,
TSPYL5,,,
PCYT2,,,
TWNK,,,
FAM171A2,,,
XRCC3,,,
TAOK3,,,
ZNF830,,,
SUCLG1,,,
RABGAP1L,,,
DNAAF10,,,
ATG4A,,,
ICAM2,,,
SPTAN1,,,
CREG1,,,
CPT2,,,
HELLS,,,
GTSE1,,,
TKFC,,,
SAMD1,,,
LYN,,,
RCN3,,,
ARIH2,,,
RRM2,,,
EXOC5,,,
CRLF3,,,
PADI3,,,
RSRC1,,,
ALDH7A1,,,
TOPBP1,,,
BORCS6,,,
SLC25A12,,,
AKAP17A,,,
MAPK9,,,
DOCK5,,,
DNAJC25,,,
ALAD,,,
PNMA1,,,
HMOX2,,,
ABCB8,,,
EML3,,,
ZNF451,,,
COL12A1,,,
AGO3,,,
NUP93,,,
ANXA3,,,
CDK5RAP1,,,
BIRC6,,,
KDM4A,,,
WDFY1,,,
PDCD2L,,,
ATRX,,,
SPART,,,
HSPA9,,,
NPEPPS,,,
FHIP1B,,,
MNAT1,,,
UPF3B,,,
DPYSL2,,,
TES,,,
PYM1,,,
CYP20A1,,,
CRYZ,,,
PRDX4,,,
MRTFB,,,
USP47,,,
CEPT1,,,
SMYD3,,,
GATD3B,,,
TP53BP1,,,
LTA4H,,,
NSMCE2,,,
TAF11,,,
TUBB1,,,
MGST1,,,
LPIN1,,,
RMDN3,,,
GYG1,,,
FAF1,,,
RSBN1,,,
SMPD4,,,
RSL24D1,,,
PTRHD1,,,
TENT4B,,,
GUSB,,,
AP3M2,,,
HLA-E,,,
ELOVL1,,,
TTLL12,,,
ZNF574,,,
DDX19A,,,
GUF1,,,
PNKP,,,
PPP4R3B,,,
DNAJC3,,,
TGS1,,,
KIF5C,,,
POLR3F,,,
ENDOG,,,
YKT6,,,
PRKRA,,,
AASDH,,,
PPME1,,,
TRIR,,,
MTIF2,,,
CTSL,,,
FTO,,,
STRN4,,,
GPATCH4,,,
ZBTB11,,,
POLR1D,,,
MTHFR,,,
MRPL49,,,
NDUFA12,,,
ELP4,,,
CDK7,,,
ATF2,,,
HAUS4,,,
MAP1S,,,
SEC23B,,,
ABCC5,,,
TUBA4A,,,
SNTA1,,,
STX7,,,
CHMP6,,,
LAMC1,,,
ELL,,,
PPT1,,,
PPP6R3,,,
ALDH4A1,,,
NFYA,,,
PRKD3,,,
RAB6B,,,
CHMP7,,,
EHMT1,,,
SERPINB6,,,
NME4,,,
TCOF1,,,
YBX2,,,
MIA2,,,
SF3A2,,,
PXMP4,,,
GPR89A,,,
ACSS3,,,
PCID2,,,
CHD7,,,
ANKFY1,,,
NFAT5,,,
NUCB2,,,
COL6A2,,,
GALNS,,,
HOOK3,,,
TMEM115,,,
NUCB1,,,
ATP5MK,,,
HADH,,,
ESD,,,
PARVB,,,
ARHGEF17,,,
TDP1,,,
EIF5,,,
WDR26,,,
ILVBL,,,
HCCS,,,
TADA3,,,
MYO1B,,,
GXYLT1,,,
RANBP9,,,
AUH,,,
AAR2,,,
LIG4,,,
SLC52A2,,,
NARS1,,,
GNB1,,,
NCK1,,,
ESYT1,,,
RILPL1,,,
KIF3A,,,
CLNS1A,,,
RABGEF1,,,
CALCOCO1,,,
CHURC1,,,
RTN2,,,
UBE2G2,,,
SIN3B,,,
DDX47,,,
PARP10,,,
SOWAHC,,,
HAUS1,,,
TRPM7,,,
MCM3AP,,,
CDK5RAP3,,,
ARHGEF18,,,
GPAT4,,,
ANAPC10,,,
BLOC1S4,,,
AVEN,,,
MTFR1,,,
WARS1,,,
RAI14,,,
EPHX1,,,
GGPS1,,,
TRIM27,,,
OGT,,,
KIRREL1,,,
RPRD1B,,,
HAUS7,,,
VMP1,,,
MLST8,,,
ATP6V0C,,,
MRPS25,,,
CD81,,,
NEXN,,,
AIFM1,,,
SCFD1,,,
SLC2A1,,,
PPM1B,,,
IL6ST,,,
CDC42EP2,,,
SMARCB1,,,
SLC35B3,,,
TCEAL4,,,
ADD3,,,
PPP1CB,,,
DHODH,,,
ACO1,,,
KCNQ5,,,
LSM5,,,
MED8,,,
XPC,,,
STK19,,,
FOSL2,,,
AHCYL1,,,
MIER1,,,
SELENOH,,,
TOR1B,,,
PDS5B,,,
PRKAR1A,,,
CGN,,,
EPB41,,,
GFPT1,,,
DOCK10,,,
RECQL5,,,
ZMYM1,,,
RAB1B,,,
SVIL,,,
PEAK1,,,
FIS1,,,
PHYHD1,,,
KNL1,,,
COX15,,,
TJAP1,,,
CD46,,,
SLC25A3,,,
NOP56,,,
TADA2B,,,
RFTN1,,,
SLC25A6,,,
CDC20,,,
PNPLA2,,,
TECR,,,
EMC7,,,
DAB2,,,
WDR13,,,
PHF1,,,
CSNK1A1,,,
ARF4,,,
CD2BP2,,,
TEAD4,,,
FYN,,,
ZWINT,,,
SLC6A6,,,
SENP1,,,
TIMMDC1,,,
DDX23,,,
TCAF1,,,
GOT2,,,
HNRNPUL2,,,
COPA,,,
ODR4,,,
ADRM1,,,
PEX16,,,
ARHGAP4,,,
PTPRA,,,
DDX49,,,
CDR2L,,,
CDK4,,,
AIFM2,,,
H2BU1,,,
TASOR2,,,
NHSL1,,,
CHPF,,,
TM9SF1,,,
AARS1,,,
GIPC1,,,
FAIM,,,
ACAA2,,,
PLEKHO2,,,
RAB31,,,
HSP90AB4P,,,
GALNT10,,,
KLHL11,,,
PLOD1,,,
AGPS,,,
PDLIM4,,,
IAH1,,,
MUL1,,,
NEDD4,,,
POLR3C,,,
CHD8,,,
PEX1,,,
TMEM131,,,
TANGO6,,,
APOBEC3B,,,
MAN1A2,,,
PTPRK,,,
FOXK1,,,
B3GALT6,,,
TLN1,,,
SUCLA2,,,
GALNT14,,,
ATP13A1,,,
SFSWAP,,,
UBXN6,,,
NCOA3,,,
HERC5,,,
XAB2,,,
RXRA,,,
RPL36A,,,
CBX4,,,
NDUFA10,,,
N4BP1,,,
KLC2,,,
TTC38,,,
CLDND1,,,
COQ9,,,
DENND4C,,,
SAMD9,,,
SIPA1L3,,,
CYC1,,,
SLC44A1,,,
ATG2B,,,
POMP,,,
GORAB,,,
ATP5MG,,,
OBSL1,,,
FDFT1,,,
SPAG1,,,
GALK2,,,
NDUFAF1,,,
ANTXR2,,,
CLN3,,,
HDGF,,,
GRPEL2,,,
MKRN2,,,
EHBP1,,,
ACAT1,,,
CORO2A,,,
SCIN,,,
GRID2,,,
SUPV3L1,,,
CTIF,,,
TIMM17A,,,
GNG5,,,
CARS2,,,
IRF2BPL,,,
PRDM10,,,
ADO,,,
ARHGEF11,,,
DLD,,,
CHTOP,,,
OSBPL6,,,
SEC23IP,,,
CHMP4B,,,
IDH3A,,,
EPB41L5,,,
ATP5IF1,,,
M6PR,,,
KTI12,,,
TANK,,,
LANCL1,,,
MTX2,,,
CTU2,,,
STARD10,,,
POC1B,,,
APBB1,,,
NF1,,,
VPS11,,,
LMO7,,,
SLC25A11,,,
TRNT1,,,
MCRS1,,,
PIAS1,,,
NUP85,,,
ALG11,,,
CNOT8,,,
NUB1,,,
PANX1,,,
ZNF618,,,
UBASH3B,,,
MARK2,,,
TRIM5,,,
IMPA1,,,
NDUFB6,,,
ATG12,,,
JMJD1C,,,
EPB41L1,,,
LONP1,,,
TRIM11,,,
ERCC4,,,
FBXL6,,,
RAD54L2,,,
GSK3B,,,
BAD,,,
LCORL,,,
NOB1,,,
TMF1,,,
SLC12A4,,,
CDK6,,,
TBC1D8B,,,
RAB4A,,,
PIK3C2A,,,
VPS16,,,
DCAF6,,,
MTCH2,,,
PAFAH1B3,,,
RSU1,,,
ZBTB21,,,
NDUFS2,,,
ALG8,,,
PREPL,,,
PHB,,,
ELOVL4,,,
ASB6,,,
ECHS1,,,
PHLDB2,,,
PHB2,,,
KLHDC4,,,
CASP2,,,
ZBTB2,,,
RRAD,,,
NOTCH2,,,
SCRN3,,,
MFSD3,,,
ASAP1,,,
TDP2,,,
CDA,,,
GTPBP6,,,
GNL1,,,
MYO1C,,,
P3H4,,,
FAM20B,,,
SYDE1,,,
NEPRO,,,
NBAS,,,
QSER1,,,
FAM126A,,,
HSD17B8,,,
PPIB,,,
SMARCA1,,,
FBXO3,,,
SCAMP2,,,
LSG1,,,
CHMP1A,,,
KIDINS220,,,
KPNA2,,,
ME2,,,
SEPTIN6,,,
FBXO28,,,
MORF4L2,,,
DECR1,,,
UGT8,,,
CIZ1,,,
NEDD8,,,
ABCF1,,,
PFKL,,,
HMGN5,,,
TMEM167A,,,
C7orf26,,,
ATP6V1A,,,
SRSF9,,,
WRN,,,
LETM1,,,
MED15,,,
ATP5F1B,,,
TEX2,,,
SLC26A6,,,
RTF2,,,
ATAD1,,,
UBE2A,,,
EFNB1,,,
AKR7A2,,,
STK17A,,,
PXDC1,,,
THOC6,,,
SLC35F2,,,
RPS29,,,
SLC25A13,,,
DCLK1,,,
YIPF5,,,
DMAC1,,,
TRAPPC2L,,,
DAXX,,,
JADE1,,,
AK6,,,
ATP11B,,,
BRMS1L,,,
PTPN6,,,
SAMM50,,,
RUFY1,,,
RAF1,,,
PLEKHG3,,,
DLAT,,,
MAML2,,,
FRG1,,,
SNX17,,,
AGK,,,
NDUFAF7,,,
TFRC,,,
YARS2,,,
TSEN15,,,
HDLBP,,,
XPR1,,,
CCNL1,,,
SPECC1,,,
CCDC43,,,
POLR1B,,,
ZGPAT,,,
HYOU1,,,
PYROXD2,,,
NIN,,,
AARS2,,,
ABHD14B,,,
NAXD,,,
EFL1,,,
SLC9A6,,,
TOM1L2,,,
RDH10,,,
HDAC7,,,
ZFP36L1,,,
SNIP1,,,
PPP1R12C,,,
ATP5PD,,,
SSBP1,,,
TTC37,,,
VPS35L,,,
IDH3G,,,
DNAJC6,,,
LIMK1,,,
PDLIM3,,,
COG7,,,
KIF3B,,,
ZC3HAV1L,,,
SMYD2,,,
MACROD1,,,
NAV1,,,
MCCC2,,,
NENF,,,
ARL6IP4,,,
SMG5,,,
PTPRG,,,
AP2A2,,,
ENO1,,,
CCDC124,,,
SLAIN2,,,
KYAT1,,,
KANK2,,,
KPNA7,,,
MCU,,,
ATP5F1A,,,
NOMO1,,,
CHST14,,,
MB21D2,,,
RAB32,,,
AMMECR1,,,
PLCG1,,,
ANXA6,,,
AAMP,,,
VAT1,,,
Q6ZSR9,,,
GNAI3,,,
NUDCD1,,,
PI4KA,,,
MYO1D,,,
CNPY4,,,
FAHD2A,,,
FIGNL1,,,
POLK,,,
PROSER2,,,
LZTFL1,,,
SGPP1,,,
KIAA2013,,,
UQCRFS1,,,
FSD1,,,
BST2,,,
KCTD5,,,
USP36,,,
VDAC3,,,
MRPS33,,,
IST1,,,
AKAP2,,,
ENG,,,
HACL1,,,
GPAA1,,,
PDK1,,,
TRAFD1,,,
LYPLA2,,,
CEP135,,,
HDHD5,,,
COPG2,,,
SASH1,,,
AASS,,,
COL4A4,,,
DNAJA3,,,
RNF213,,,
ATP6V1B2,,,
LRRFIP2,,,
PUS10,,,
SLC38A9,,,
CENPE,,,
MTMR1,,,
MDH2,,,
ZDHHC5,,,
C5orf22,,,
TMEM120A,,,
SASS6,,,
NOL12,,,
HADHB,,,
SKIV2L,,,
L2HGDH,,,
RALGAPB,,,
TMA16,,,
LAMB2,,,
TANC1,,,
LTN1,,,
TXNDC11,,,
BLMH,,,
NOM1,,,
INF2,,,
PHF5A,,,
RGS19,,,
CKLF,,,
TNRC6B,,,
INPP5F,,,
TSEN54,,,
PGPEP1,,,
SSH1,,,
TRIM47,,,
VAMP2,,,
ROMO1,,,
EYA4,,,
CUTC,,,
SPG7,,,
TMBIM1,,,
BAIAP2L1,,,
DYNC2H1,,,
ELOVL2,,,
ERLIN2,,,
STK3,,,
RPN2,,,
XPNPEP1,,,
MIF4GD,,,
ATP5MF,,,
DNAJA1,,,
MXRA7,,,
TMEM87B,,,
SIRT3,,,
SNX12,,,
CRACR2A,,,
MRS2,,,
PELO,,,
ZNF462,,,
STK26,,,
PIK3CD,,,
KIAA0586,,,
GLB1,,,
SKP2,,,
DNAJC11,,,
KATNAL1,,,
TOR1AIP1,,,
POLR1A,,,
PMPCB,,,
SMURF2,,,
GPN3,,,
AGL,,,
LMF2,,,
SEPTIN8,,,
PRDX3,,,
TMEM30A,,,
ESF1,,,
DLGAP4,,,
C14orf119,,,
NDUFA3,,,
WWP2,,,
ATP6V1F,,,
DIAPH3,,,
HECTD4,,,
DARS1,,,
SLC39A14,,,
SRFBP1,,,
STOM,,,
MRPL40,,,
RABGGTB,,,
GCLC,,,
HDHD3,,,
YPEL5,,,
MFN2,,,
ARHGAP35,,,
TMA7,,,
DGKE,,,
PYGB,,,
CCDC80,,,
RIOK2,,,
XPO6,,,
KCMF1,,,
SEC13,,,
AFAP1,,,
SIRT1,,,
CA2,,,
HOOK1,,,
PIK3AP1,,,
CD63,,,
SLC12A9,,,
MET,,,
RRN3,,,
RGPD5,,,
TARS2,,,
BACH1,,,
ECD,,,
ITSN2,,,
SDE2,,,
MRPL2,,,
NDUFB1,,,
WDR44,,,
SNX18,,,
GRHPR,,,
POTEJ,,,
TPM3,,,
CROT,,,
PLSCR3,,,
DYNLL1,,,
RALBP1,,,
CPOX,,,
CETN2,,,
ITGA1,,,
RWDD1,,,
GGH,,,
ALDH3A2,,,
CTH,,,
OTULINL,,,
NUDT9,,,
TIMM23,,,
MISP,,,
TRIM16,,,
GNS,,,
DMXL2,,,
MCCC1,,,
GFOD2,,,
ALMS1,,,
SND1,,,
HOMER3,,,
PTPN13,,,
NDRG1,,,
OIP5,,,
HIBCH,,,
SPDL1,,,
MYL9,,,
IMMT,,,
SAC3D1,,,
ECHDC3,,,
GLUD1,,,
APMAP,,,
ACD,,,
P3H3,,,
TRIM25,,,
SEC23A,,,
CPS1,,,
HSDL1,,,
RNPC3,,,
REEP5,,,
MAP2K7,,,
CYSTM1,,,
TYK2,,,
ARL3,,,
FAHD1,,,
MOCS3,,,
UGGT1,,,
NCLN,,,
PGM2L1,,,
LPIN2,,,
WDR59,,,
SPOUT1,,,
LYPLAL1,,,
HPCAL1,,,
MT-CO2,,,
GALE,,,
HTRA2,,,
DAAM1,,,
CDC42EP3,,,
PKIG,,,
GANAB,,,
CRTAP,,,
RAC2,,,
CARD19,,,
MINK1,,,
TMX2,,,
CSNK1E,,,
PDHA1,,,
IARS2,,,
CTBS,,,
CCDC77,,,
AGTPBP1,,,
BCAT2,,,
AFG3L2,,,
IPO8,,,
GLIPR2,,,
CBX1,,,
SLC12A2,,,
CMC1,,,
ARHGEF10,,,
MINDY3,,,
STRIP1,,,
SLC27A1,,,
GNPDA1,,,
HTATIP2,,,
LRRC57,,,
CASP4,,,
MYO6,,,
PNISR,,,
SH3PXD2A,,,
PRDX5,,,
MGAT1,,,
NUP54,,,
DDOST,,,
SARS2,,,
NADK2,,,
SEC31A,,,
CTSC,,,
FAF2,,,
NTPCR,,,
CHEK2,,,
RAPGEF6,,,
AKAP10,,,
BCKDHA,,,
DOCK6,,,
CNTRL,,,
RMI1,,,
TSR3,,,
HP1BP3,,,
PRNP,,,
VAPB,,,
ABCA3,,,
MACROH2A2,,,
LSR,,,
GOLGA7,,,
MRPL48,,,
TNS1,,,
SNX33,,,
USP33,,,
ME3,,,
SERPINB2,,,
UBE3D,,,
EHD1,,,
RANBP6,,,
PDAP1,,,
CPNE1,,,
ASMTL,,,
RAD51C,,,
LRATD2,,,
ECI2,,,
PPP3CC,,,
ABL2,,,
PRPF38A,,,
TMED10,,,
UQCRC2,,,
ALKBH7,,,
CTSA,,,
ECT2,,,
TBC1D9B,,,
BECN1,,,
PRPF38B,,,
GNAI1,,,
TCIRG1,,,
ZFP36L2,,,
UBL3,,,
SEC11A,,,
CCS,,,
BPHL,,,
HEXB,,,
PTGR1,,,
GOLGA4,,,
SRPRB,,,
STT3B,,,
TNKS1BP1,,,
OPHN1,,,
ADPRS,,,
RPL13,,,
ATP5PB,,,
C2CD2L,,,
PEX3,,,
RAB1A,,,
HADHA,,,
BRSK2,,,
FYCO1,,,
SPRYD7,,,
DLST,,,
SIRT5,,,
COMT,,,
ALDH18A1,,,
DHTKD1,,,
GK,,,
GPRASP2,,,
IFT27,,,
IL18,,,
BCAR3,,,
TOR2A,,,
RBM47,,,
MCAM,,,
GOPC,,,
SARDH,,,
MICAL3,,,
SDHA,,,
STAT3,,,
PTAR1,,,
RHOF,,,
PSME2,,,
ETFB,,,
SGPL1,,,
NNT,,,
MMS22L,,,
ARMC10,,,
CANT1,,,
PRELID3B,,,
NME7,,,
EPDR1,,,
C3,,,
LRP1,,,
BMP2K,,,
MLX,,,
COX6C,,,
ACO2,,,
NDUFB10,,,
UHRF1,,,
ABHD10,,,
WLS,,,
GGCX,,,
CENPF,,,
MICU1,,,
CDC123,,,
ETFA,,,
MAN2B1,,,
DBT,,,
PPP2R5C,,,
PLCD3,,,
GBE1,,,
PRKCSH,,,
KDSR,,,
MELK,,,
SLC25A1,,,
CAMK2D,,,
TXNRD2,,,
SLFN5,,,
ZDHHC18,,,
MAPK8,,,
MRPL57,,,
ACOT9,,,
DEPDC1B,,,
RWDD2A,,,
RAB7A,,,
CEP78,,,
PRCP,,,
POLA2,,,
SLC25A21,,,
EAPP,,,
ZNF431,,,
RAB14,,,
TMOD3,,,
EMC3,,,
GFER,,,
PIGS,,,
WBP2,,,
ANXA4,,,
GOLGA2,,,
PLEKHA6,,,
HSDL2,,,
DPM3,,,
STEAP3,,,
AGAP2,,,
SLX9,,,
HMGCL,,,
PCYOX1,,,
CHMP4C,,,
SCYL1,,,
EFR3A,,,
PCLAF,,,
CCDC32,,,
MAP1LC3B2,,,
NDUFS6,,,
MARK3,,,
SPATA20,,,
SH2D4A,,,
BNC1,,,
RCN1,,,
MAPRE3,,,
NPAT,,,
NIT1,,,
ALDH1B1,,,
POGLUT1,,,
CYRIA,,,
MT-ATP6,,,
TMEM9,,,
KDM8,,,
BCAR1,,,
SFMBT1,,,
TFAM,,,
NAPA,,,
PARS2,,,
HEG1,,,
RAD50,,,
FGFR1,,,
IRGQ,,,
DENND5A,,,
MRC2,,,
NFS1,,,
IGF2BP2,,,
RBM3,,,
ATP6V1C1,,,
VPS13C,,,
MTFP1,,,
QSOX2,,,
FAM120C,,,
RABL3,,,
NDUFA9,,,
DLC1,,,
RETREG3,,,
ACOT1,,,
NAPG,,,
SLC16A1,,,
ITPR3,,,
KIF13B,,,
MPI,,,
TLN2,,,
LEPROT,,,
ERMP1,,,
RIOX2,,,
PVR,,,
STAP2,,,
AKT1S1,,,
GOLGB1,,,
LLGL1,,,
RTN4,,,
C9orf40,,,
DNAJB5,,,
S100A10,,,
IKBIP,,,
MKRN1,,,
PPL,,,
KRT85,,,
NEDD9,,,
ABHD17B,,,
RRAS,,,
RBL2,,,
TMED7,,,
HSP90AA4P,,,
EHD4,,,
MAD2L1BP,,,
ITGA4,,,
KCTD10,,,
MBD2,,,
ACAD11,,,
LCLAT1,,,
TXNDC9,,,
MCL1,,,
YBX3,,,
KIAA0930,,,
ABCD3,,,
SERBP1,,,
CANX,,,
TBC1D15,,,
DAD1,,,
ISOC2,,,
RMND1,,,
ZFYVE1,,,
PDIA4,,,
TMLHE,,,
PLXNB2,,,
NARS2,,,
NDUFS3,,,
MTARC2,,,
BPGM,,,
GCC2,,,
RAB8B,,,
MPHOSPH8,,,
GTF2A1,,,
NIPSNAP2,,,
SEPSECS,,,
HARS2,,,
DNAJC21,,,
FBN2,,,
ABCC1,,,
GNPAT,,,
MTMR10,,,
ERP44,,,
GLIPR1,,,
KRT1,,,
ADH5,,,
MPG,,,
IFT80,,,
OTUD5,,,
NMT2,,,
GPBP1,,,
ALDH5A1,,,
NOL3,,,
SRPRA,,,
CWC15,,,
TOMM40L,,,
TM9SF4,,,
ERBB3,,,
GMNN,,,
YIPF4,,,
HSP90B1,,,
PGGHG,,,
UBE2T,,,
MAN2A1,,,
PTGES2,,,
MAIP1,,,
IL7R,,,
CTHRC1,,,
MAPK1IP1L,,,
PTER,,,
CYB5R3,,,
LTV1,,,
QPRT,,,
SERPINB9,,,
RAB11A,,,
POMGNT1,,,
NDUFB5,,,
TMX3,,,
MRAS,,,
TM9SF3,,,
CCDC59,,,
ACOX1,,,
KRT71,,,
SDR39U1,,,
MACROH2A1,,,
DNM1,,,
FAM210A,,,
HDGFL3,,,
TTC7B,,,
TMEM245,,,
PITPNM1,,,
NDUFS7,,,
AKR1A1,,,
MTX1,,,
STARD3,,,
DNAJC10,,,
VDAC1,,,
CEP85,,,
ABAT,,,
GSTT1,,,
TRIM4,,,
WDR7,,,
ACAD9,,,
YIPF6,,,
LMBRD1,,,
HSD17B12,,,
LDAH,,,
GALK1,,,
GLG1,,,
PKM,,,
VPS41,,,
SEC61B,,,
CYB5R1,,,
DPP7,,,
ACADM,,,
HSPA2,,,
SERINC1,,,
DHRS7B,,,
CNP,,,
ARL10,,,
ARSL,,,
MTRF1L,,,
RRAGC,,,
AMOT,,,
EVI5,,,
SH3PXD2B,,,
ANKS1A,,,
TIMP2,,,
RALGAPA1,,,
GATM,,,
PNKD,,,
MICU2,,,
LAMP1,,,
NDUFS1,,,
SELENOI,,,
PAWR,,,
NIPSNAP1,,,
PDHB,,,
SLC39A10,,,
TMEM209,,,
DYNC1LI2,,,
EXOC3,,,
CCDC12,,,
CES2,,,
SYTL4,,,
ZFAND5,,,
SSR4,,,
SEC61G,,,
FUCA1,,,
KDELR1,,,
TRAPPC12,,,
FBLL1,,,
ABHD12,,,
CKAP4,,,
ATP6V0A4,,,
UBL5,,,
MIA3,,,
SLC36A4,,,
UBA6,,,
RAB27B,,,
PDIA3,,,
CASK,,,
DERPC,,,
TUT7,,,
LAMTOR3,,,
VDAC2,,,
DHCR24,,,
PON2,,,
CUSTOS,,,
PDP1,,,
NDUFB3,,,
RAB3IL1,,,
TMEM185B,,,
BCKDK,,,
NAGA,,,
CALD1,,,
POLG,,,
TAGLN,,,
MIS18A,,,
MOGS,,,
TMEM65,,,
STAT2,,,
GRAMD2B,,,
KLHL8,,,
SYNJ2BP,,,
KRT5,,,
GRN,,,
COL7A1,,,
CISD2,,,
DOCK11,,,
ITIH2,,,
ANXA5,,,
BAK1,,,
TBC1D7,,,
NAGLU,,,
RHOBTB3,,,
STK10,,,
HSPA12A,,,
AKAP11,,,
PC,,,
SMIM12,,,
PDIA6,,,
TTYH3,,,
TMUB2,,,
ATP1A1,,,
METTL17,,,
METTL2B,,,
CTSD,,,
OTUD4,,,
SULT1A3,,,
IQCJ-SCHIP1,,,
FN3K,,,
GSTK1,,,
TP53BP2,,,
PURB,,,
TMTC3,,,
PYCR2,,,
CAV1,,,
LAPTM4A,,,
RIPOR1,,,
HMGB1,,,
DLG5,,,
NDUFV1,,,
PALM,,,
SERPINB1,,,
KRT10,,,
ERGIC1,,,
DHCR7,,,
PARP4,,,
APOOL,,,
TGM2,,,
IFI16,,,
CTNNAL1,,,
RUSF1,,,
UNG,,,
DDX31,,,
PSMB10,,,
UQCRQ,,,
STARD13,,,
ARL8A,,,
TMEM106B,,,
TYMP,,,
CHCHD6,,,
ALDOC,,,
ULBP2,,,
MAGED2,,,
ZNF217,,,
STXBP3,,,
RNF149,,,
SFXN1,,,
PI4K2A,,,
TMSB4X,,,
TRIM56,,,
GSDME,,,
NDUFS4,,,
NME2P1,,,
PRSS3,,,
SP110,,,
CALR,,,
COQ7,,,
MTCH1,,,
ARL8B,,,
NDUFA11,,,
SUN1,,,
MELTF,,,
PDGFRB,,,
LRRC42,,,
LRRC58,,,
IQGAP2,,,
SHKBP1,,,
RAB3D,,,
COL1A1,,,
PRR36,,,
ARSK,,,
MAP7D3,,,
OGDH,,,
ATP5F1D,,,
BCL2L13,,,
ORC6,,,
PARP14,,,
HMGB3,,,
SLC25A24,,,
SDHC,,,
FAM92A,,,
CISD1,,,
TPPP,,,
HSD17B4,,,
HDAC8,,,
B3GAT3,,,
CMAS,,,
RPS26,,,
UBXN4,,,
RPN1,,,
DDX60,,,
OGFRL1,,,
KCNAB2,,,
PINX1,,,
TPI1,,,
MLEC,,,
RHPN2,,,
SPINT2,,,
RAB18,,,
CNRIP1,,,
SYF2,,,
TMX1,,,
PHF23,,,
NRSN2,,,
SLC33A1,,,
CNNM2,,,
UQCRC1,,,
SLC27A4,,,
ADAMTS1,,,
OSTC,,,
MT1E,,,
ARHGAP29,,,
FAM136A,,,
PDXDC1,,,
SLC38A5,,,
GON4L,,,
ATP13A3,,,
TUBE1,,,
NRM,,,
GFM2,,,
MPP7,,,
COX8A,,,
TRIM58,,,
DNAJB11,,,
SEC24A,,,
HLA-A,,,
TRIM21,,,
UQCC2,,,
TMEM205,,,
ZC2HC1A,,,
PPA2,,,
CRACD,,,
FAM3C,,,
CRABP2,,,
ATP7A,,,
DPP8,,,
SLC25A22,,,
STT3A,,,
GAA,,,
BCL9L,,,
TPM4,,,
SLC16A3,,,
EIF4A2,,,
SQLE,,,
FAM83G,,,
PDHX,,,
RAB24,,,
ARSB,,,
PIP5K1A,,,
ERAP1,,,
ZBTB1,,,
RRBP1,,,
POLE4,,,
NKX2-1,,,
HMGCS1,,,
AGRN,,,
ECE1,,,
MECR,,,
CBX2,,,
EDRF1,,,
HSD17B11,,,
TUBB2B,,,
COG2,,,
CAVIN1,,,
POLR3G,,,
PRRC1,,,
UBE2J1,,,
KANK1,,,
VPS72,,,
TMEM43,,,
SMTN,,,
SLC7A6,,,
LAMTOR2,,,
FAM234A,,,
MROH1,,,
TMEM33,,,
COG5,,,
HSPG2,,,
SLC35E1,,,
PIP4P1,,,
NPTN,,,
DUSP3,,,
MOSPD2,,,
MT-ND1,,,
SAR1A,,,
PCMTD1,,,
SUCLG2,,,
SSR1,,,
ACAD10,,,
RPL29,,,
GSTM3,,,
FNDC3B,,,
GPX4,,,
ESYT2,,,
PDK2,,,
PKP2,,,
WWC3,,,
ANO10,,,
AMPD2,,,
CHPF2,,,
TAF10,,,
DNAJC5,,,
CCDC90B,,,
C19orf53,,,
OXSM,,,
GOLGA5,,,
LDHA,,,
TPBG,,,
P4HA2,,,
SCCPDH,,,
ZNF114,,,
QPCTL,,,
SEC24D,,,
ISY1,,,
APOB,,,
HK1,,,
H6PD,,,
MARCKS,,,
ETS1,,,
HLA-B,,,
MMUT,,,
HIGD2A,,,
PLEKHM1,,,
SPCS3,,,
CRIP2,,,
DES,,,
GNA12,,,
JAGN1,,,
MARCKSL1,,,
VWA3B,,,
CD70,,,
FBLIM1,,,
CHMP1B,,,
NDUFC2,,,
IDH2,,,
DNAJB12,,,
SEPTIN3,,,
ORMDL2,,,
PCCA,,,
TUSC2,,,
TMEM109,,,
UBE2J2,,,
CNPY3,,,
GPALPP1,,,
PEX14,,,
RAB3B,,,
STAT1,,,
ADA,,,
SQOR,,,
PYCR1,,,
HSPA5,,,
FTL,,,
TSPO,,,
NIBAN1,,,
EML2,,,
DMXL1,,,
FECH,,,
CAVIN2,,,
AGPAT4,,,
PRAF2,,,
KRT2,,,
HIGD1A,,,
TPM2,,,
CCDC127,,,
NNMT,,,
SIAE,,,
MFSD10,,,
NFKB1,,,
FAM241B,,,
P4HB,,,
MSLN,,,
ADAM17,,,
RAB12,,,
BCL2L1,,,
ZBTB20,,,
AK3,,,
MBOAT7,,,
GNG12,,,
CPVL,,,
MAGI1,,,
MFSD8,,,
PML,,,
OAS3,,,
PLCH1,,,
GM2A,,,
LPCAT4,,,
MGAT5,,,
LEMD2,,,
DMAC2L,,,
GNAO1,,,
NFX1,,,
HLA-C,,,
CYP2J2,,,
OSBPL2,,,
SAMHD1,,,
LHFPL2,,,
RAB43,,,
SGSH,,,
LNPK,,,
SEC61A1,,,
APOL2,,,
TMEM201,,,
KRT17,,,
MTX3,,,
CYB5A,,,
MVP,,,
EIF1AD,,,
AK4,,,
P4HA1,,,
UQCC1,,,
PDK3,,,
FRMD6,,,
CLK4,,,
RRM2B,,,
MSMO1,,,
TMEM11,,,
BCKDHB,,,
CAT,,,
TRIM38,,,
LHPP,,,
SELENOW,,,
PGK1,,,
ACOT13,,,
B4GALT4,,,
ATP2B4,,,
SEC62,,,
TPP1,,,
GPI,,,
AKR1C3,,,
RASAL1,,,
SFXN3,,,
CACNA1A,,,
ENPP1,,,
DGLUCY,,,
ASPH,,,
RALA,,,
GOLT1B,,,
LTF,,,
FAM162A,,,
RPL35,,,
AKR1C1,,,
TLCD1,,,
CCDC9,,,
LMF1,,,
CASP1,,,
KRT6A,,,
PGRMC2,,,
PCCB,,,
MGLL,,,
VHL,,,
GDA,,,
UQCR10,,,
PTX4,,,
SERAC1,,,
TNS3,,,
NAMPT,,,
MAOA,,,
CD9,,,
STXBP6,,,
FAM114A1,,,
ALDH6A1,,,
ARRB1,,,
OPTN,,,
CNBP,,,
DHRS7,,,
PNPLA6,,,
HIBADH,,,
PGM1,,,
PQBP1,,,
RPL37,,,
SERPINC1,,,
CLASRP,,,
B4GALT5,,,
OPLAH,,,
ECH1,,,
POFUT2,,,
ATP1B1,,,
LACTB,,,
SHPRH,,,
ACP2,,,
HMGB2,,,
PPP1R14A,,,
CRAT,,,
CD55,,,
ALG12,,,
UXS1,,,
MECP2,,,
SLC25A4,,,
PPIC,,,
CLGN,,,
TMBIM6,,,
UGCG,,,
SELENOS,,,
CAPN5,,,
GBA,,,
ACADS,,,
SYNGR2,,,
ACADVL,,,
SCOC,,,
VKORC1,,,
NME3,,,
RPS25,,,
COL6A1,,,
ETFDH,,,
DAPK1,,,
HMGN4,,,
CCND1,,,
PDIA5,,,
ARSA,,,
ITGAV,,,
POLR1G,,,
UTS2,,,
RABAC1,,,
FSTL1,,,
SEC22B,,,
CALU,,,
NEFH,,,
MON1A,,,
SIRPA,,,
TRAM1,,,
ELMOD2,,,
SP100,,,
COX7A2L,,,
TUBAL3,,,
NFKB2,,,
NUCKS1,,,
DPYD,,,
SERPINE1,,,
ENO2,,,
CCDC86,,,
NPC1,,,
PLPP1,,,
LMAN1,,,
CTSB,,,
ISG15,,,
SSR3,,,
CGAS,,,
CD82,,,
CYBA,,,
TUFT1,,,
GSN,,,
HM13,,,
ATP5MC1,,,
SLC25A20,,,
CRIM1,,,
ARMC9,,,
OASL,,,
GSTM2,,,
ABHD5,,,
TAP1,,,
PDPR,,,
RELB,,,
FHL2,,,
LYST,,,
HLA-DRB1,,,
CD47,,,
GDPD1,,,
DTX3L,,,
TNFRSF10B,,,
TAPBP,,,
PDCD2,,,
PPP1R2,,,
ENO3,,,
PGK2,,,
PRR11,,,
NLRP10,,,
BCAM,,,
OPA3,,,
ERO1A,,,
ARR3,,,
DNAJB6,,,
PTK2B,,,
H1-0,,,
LAMC2,,,
P2RX4,,,
TST,,,
FHL3,,,
EHD3,,,
MYO9A,,,
PLSCR1,,,
IFIT2,,,
SLC39A11,,,
TPCN1,,,
BDH2,,,
RPL39,,,
PEDS1,,,
PLD1,,,
THBS1,,,
SCARB2,,,
CRELD1,,,
SMPDL3B,,,
LGALS3BP,,,
FAHD2B,,,
CCN1,,,
CLYBL,,,
PSMB9,,,
ACSF2,,,
NDUFA4,,,
PRXL2A,,,
ALDH1A3,,,
IFI44,,,
PTMS,,,
MYOM1,,,
HMGA2,,,
FUNDC2,,,
PLAU,,,
F3,,,
NHLRC3,,,
PAX8,,,
PLOD2,,,
FHL1,,,
MGST3,,,
ASAH1,,,
ITGB8,,,
A2M,,,
POTEF,,,
MFGE8,,,
TPM1,,,
REEP6,,,
REEP3,,,
MAPK10,,,
TFPI2,,,
SLC38A2,,,
SLC2A3,,,
LAMP2,,,
CD109,,,
FADS3,,,
DDX58,,,
GBP1,,,
TAP2,,,
IDUA,,,
MTSS1,,,
MX1,,,
HMGN3,,,
APOE,,,
PLG,,,
SLC38A1,,,
PARP9,,,
AKR1B1,,,
THEMIS2,,,
FTH1,,,
CALB2,,,
IFIT3,,,
ABCB4,,,
ADSS1,,,
HMGN1,,,
FN1,,,
KRT9,,,
S100A1,,,
PTMA,,,
IFIT1,,,
HMGA1,,,
SLC5A3,,,
F5,,,
FAU,,,
APOA1,,,
SDC4,,,
PLIN2,,,
TNFAIP2,,,
ALB,,,
DEPTOR,,,
SERPINE2,,,
SLC4A10,,,
ICAM1,,,
GBP2,,,
ITIH4,,,
ASS1,,,
AFP,,,
HBA1,,,
AHSG,,,
CFB,,,
FILIP1L,,,
SOD2,,,
HMGN2,,,
IL1B,,,