Proteomes,Phosphoroteomes,Both
A2M,ABCA2,AAGAB
AAAS,ABLIM3,AAK1
AACS,ACBD4,AAMDC
AAMP,ACKR3,AATF
AAR2,ADAM22,ABCC1
AARS1,ADGRL1,ABCC4
AARS2,AFAP1L1,ABCF1
AARSD1,AFAP1L2,ABCF3
AASDH,AKAP5,ABI1
AASDHPPT,AMBRA1,ABI2
AASS,AMER1,ABL1
ABAT,AMFR,ABL2
ABCA3,AMOTL1,ABLIM1
ABCB10,ANKRD11,ABR
ABCB4,ANKRD12,ACACA
ABCB6,ANKRD26,ACAP2
ABCB7,ANKS3,ACBD5
ABCB8,ANKS6,ACD
ABCC5,ANO6,ACIN1
ABCD3,ANO8,ACLY
ABCD4,ANTXR1,ACO2
ABCE1,AP4B1,ACTB
ABCF2,APBA1,ACTL6A
ABHD10,APBA2,ACTN4
ABHD11,APC2,ADAM17
ABHD12,APLF,ADAM9
ABHD13,ARHGAP11A,ADAR
ABHD14B,ARHGAP23,ADARB1
ABHD16A,ARHGAP25,ADCY6
ABHD17B,ARHGAP40,ADD1
ABHD18,ARHGEF26,ADD2
ABHD5,ARHGEF35,ADD3
ABI3,ARNT,ADGRE5
ABRACL,ASB3,ADGRG6
ABRAXAS2,ASXL1,ADGRL2
ABT1,ASXL2,ADNP
ABTB1,ATAD2B,ADRM1
ACAA1,ATP7B,AEBP2
ACAA2,ATP8A2,AFAP1
ACAD10,ATRIP,AFDN
ACAD11,ATXN7L3,AFF1
ACAD8,ATXN7L3B,AFF4
ACAD9,AXIN1,AFTPH
ACADM,BAHD1,AGAP2
ACADS,BAIAP2L2,AGAP3
ACADSB,BAP1,AGFG1
ACADVL,BAZ2B,AGO2
ACAT1,BBLN,AGPS
ACAT2,BBS10,AGTRAP
ACBD3,BCL11A,AHCTF1
ACBD6,BCL3,AHDC1
ACO1,BCL6,AHNAK
ACOT1,BCL9,AHNAK2
ACOT13,BCLAF3,AHSG
ACOT7,BICC1,AIDA
ACOT8,BICD1,AIFM1
ACOT9,BICRA,AIP
ACOX1,BMI1,AJUBA
ACOX3,BNIP3,AKAP1
ACP1,BORA,AKAP10
ACP2,BRCA1,AKAP11
ACP6,BRF1,AKAP12
ACSF2,BRIP1,AKAP13
ACSF3,BRME1,AKAP17A
ACSL1,BRMS1,AKAP2
ACSL3,BRWD1,AKAP8
ACSL4,C11orf52,AKAP8L
ACSS2,C14orf93,AKAP9
ACSS3,C16orf72,AKT1
ACTBL2,C16orf87,AKT1S1
ACTC1,C19orf54,ALAD
ACTG1,C1orf174,ALDOA
ACTN1,C1orf198,ALG3
ACTR10,C1orf226,ALKBH5
ACTR1A,C1orf52,ALS2
ACTR1B,C2CD2,AMOTL2
ACTR2,C2CD3,AMPD2
ACTR3,C6orf132,ANAPC1
ACTR5,C6orf47,ANAPC2
ACTR6,CAAP1,ANK2
ACTR8,CABLES1,ANKHD1
ACY1,CACNB3,ANKIB1
ACYP1,CARD10,ANKLE2
ADA,CARD11,ANKMY2
ADAM10,CBARP,ANKRD17
ADAMTS1,CBFA2T2,ANKRD27
ADCY3,CBX6,ANKRD50
ADCY7,CCDC120,ANKRD54
ADCY9,CCDC137,ANKS1A
ADGRG1,CCDC167,ANKZF1
ADH5,CCDC186,ANLN
ADI1,CCDC61,ANP32A
ADK,CCDC8,ANP32B
ADO,CCDC82,ANPEP
ADPGK,CCDC85B,ANXA2
ADPRS,CCDC9B,AP1G1
ADSL,CCP110,AP1M1
ADSS1,CCSAP,AP1S1
ADSS2,CCSER2,AP2A1
AFG1L,CDAN1,AP3B1
AFG3L2,CDC6,AP3D1
AFP,CDCA3,APBB1
AGK,CDIP1,APBB2
AGL,CDK14,APC
AGO1,CDS1,APEH
AGO3,CDT1,API5
AGPAT1,CELSR1,APIP
AGPAT3,CENPA,APPL1
AGPAT4,CENPT,APTX
AGPAT5,CENPU,ARAF
AGRN,CEP120,ARAP1
AGTPBP1,CEP68,ARAP3
AHCY,CEP76,ARCN1
AHCYL1,CERS4,ARFGAP1
AHCYL2,CFAP410,ARFGAP2
AHSA1,CHFR,ARFGAP3
AIF1L,CIR1,ARFGEF1
AIFM2,CLCN6,ARFGEF2
AIMP1,CLIP4,ARGLU1
AIMP2,CLK1,ARHGAP1
AK1,CLN6,ARHGAP10
AK2,CLSPN,ARHGAP12
AK3,CLUAP1,ARHGAP17
AK4,CMTM4,ARHGAP21
AK6,CNK3/IPCEF1,ARHGAP27
AKR1A1,CNKSR2,ARHGAP29
AKR1B1,CNOT4,ARHGAP35
AKR1C1,COBLL1,ARHGAP39
AKR1C3,COPRS,ARHGAP4
AKR7A2,CPNE7,ARHGAP5
AKT2,CRACDL,ARHGEF1
AKT3,CRAMP1,ARHGEF10
ALB,CROCC,ARHGEF11
ALCAM,CSDC2,ARHGEF12
ALDH16A1,CSNK1D,ARHGEF16
ALDH18A1,CT45A10,ARHGEF17
ALDH1A3,CTCFL,ARHGEF18
ALDH1B1,CWC25,ARHGEF2
ALDH1L2,DCAF15,ARHGEF28
ALDH2,DCLK2,ARHGEF40
ALDH3A2,DCP2,ARHGEF5
ALDH4A1,DCUN1D4,ARHGEF7
ALDH5A1,DEAF1,ARID1A
ALDH6A1,DEF8,ARID3A
ALDH7A1,DENND2B,ARID4A
ALDH9A1,DENND2C,ARID4B
ALDOC,DENND4B,ARL6IP4
ALG1,DGKH,ARL6IP6
ALG11,DHX34,ARMC1
ALG12,DMD,ARMC10
ALG2,DMTN,ARMCX3
ALG5,DMWD,ARPC5L
ALG8,DNAAF2,ARRB1
ALG9,DNMT3A,ARVCF
ALKBH2,DOCK4,ASAP1
ALKBH7,DOK7,ASAP2
ALKBH8,DONSON,ASF1A
ALMS1,DOT1L,ASH2L
ALYREF,DRC1,ASMTL
AMDHD2,DVL1,ASPH
AMMECR1,EAF1,ASPSCR1
AMMECR1L,EEPD1,ATAD2
AMOT,EIF2AK1,ATAD5
AMPH,EIF2AK3,ATAT1
AMZ2,EIF3CL,ATF2
ANAPC10,ELF4,ATF7
ANAPC16,ELFN2,ATF7IP
ANAPC4,ELK3,ATG16L1
ANAPC5,ELL2,ATG2A
ANAPC7,ENSA,ATG2B
ANKFY1,ENTR1,ATG9A
ANKRD13A,EPHB1,ATN1
ANKRD13C,ERCC6L2,ATP11C
ANKRD28,ERF,ATP1A1
ANKRD52,ERICH1,ATP2A2
ANO10,ERRFI1,ATP2B1
ANP32E,ESS2,ATP5F1B
ANTKMT,ETV3,ATP6V0A2
ANTXR2,EVA1B,ATR
ANXA1,EXO1,ATRX
ANXA11,EXPH5,ATXN1L
ANXA3,FAM110B,ATXN2
ANXA4,FAM117A,ATXN2L
ANXA5,FAM117B,AVEN
ANXA6,FAM126B,AXL
ANXA7,FAM199X,BABAM1
ANXA8,FAM214B,BACH1
ANXA8L1,FAM234B,BAD
AP1B1,FAM53B,BAG2
AP1G2,FAM53C,BAG3
AP1S2,FANCE,BAG4
AP2A2,FANCM,BAG6
AP2B1,FBRSL1,BAIAP2
AP2M1,FBXL3,BAIAP2L1
AP2S1,FBXO10,BAP18
AP3M1,FBXO31,BASP1
AP3M2,FBXO4,BAZ1A
AP3S1,FGD1,BAZ1B
AP4E1,FLT4,BAZ2A
AP5B1,FOXC2,BBX
AP5S1,FOXD2,BCAM
AP5Z1,FOXL2,BCAR1
APAF1,FOXO1,BCAR3
APBA3,FRMD3,BCAS3
APBB1IP,FRMD4A,BCCIP
APEX1,FRMD4B,BCKDHA
APLP2,FRMD8,BCKDK
APMAP,FRS2,BCL10
APOA1,FRY,BCL2L12
APOB,FZD6,BCL2L13
APOBEC3B,GAB2,BCL7C
APOBEC3C,GALNTL5,BCL9L
APOE,GARNL3,BCLAF1
APOL2,GAS2L1,BCOR
APOO,GAS2L3,BCORL1
APOOL,GGNBP2,BCR
APP,GLCCI1,BEND3
APPBP2,GLI4,BET1L
APPL2,GPAM,BICD2
APRT,GPBP1L1,BIN1
AQR,GPN1,BIRC6
ARF1,GPR161,BLOC1S3
ARF4,GPRC5B,BMP2K
ARF5,GRIP1,BMS1
ARF6,GRIP2,BNC1
ARFIP1,GRK5,BNIP2
ARFIP2,GSE1,BOD1L1
ARFRP1,GTF2IRD1,BOP1
ARHGAP18,HABP4,BORCS6
ARHGDIA,HASPIN,BPTF
ARHGDIB,HDAC4,BRAF
ARHGEF6,HDAC5,BRAP
ARID1B,HECW1,BRAT1
ARID2,HECW2,BRD1
ARIH1,HERPUD2,BRD2
ARIH2,HEXIM2,BRD3
ARL1,HGSNAT,BRD4
ARL10,HIVEP1,BRD7
ARL13B,HIVEP2,BRD8
ARL2,HMBOX1,BRD9
ARL2BP,HNRNPCL1,BRPF1
ARL3,HOXA1,BSDC1
ARL5B,HOXA5,BSG
ARL6,HOXC10,BTAF1
ARL6IP1,HOXC9,BTF3
ARL6IP5,HRH1,BTN2A1
ARL8A,HSF4,BUB1
ARL8B,HSP90AA2P,BUB1B
ARMC6,HSP90AA5P,BUB3
ARMC8,IFT43,BUD13
ARMC9,IFT46,BYSL
ARMCX1,IGKV1-5,BZW1
ARMCX2,INO80E,BZW2
ARMH3,INSYN2B,C11orf68
ARMT1,IQCE,C11orf98
ARPC1A,IRAK3,C17orf75
ARPC1B,IRS1,C18orf25
ARPC2,ITGB1BP1,C19orf47
ARPC3,JADE3,C2CD2L
ARPC4,JARID2,C2CD5
ARPC5,JCAD,C2orf49
ARPIN,JPH1,C5orf22
ARR3,KANK3,C7orf50
ARRB2,KANSL1,C9orf40
ARRDC1,KANSL2,C9orf78
ARSA,KAT2B,CACNA1A
ARSB,KAT5,CACTIN
ARSK,KATNIP,CAD
ARSL,KAZN,CALD1
AS3MT,KCTD3,CALU
ASAH1,KIAA0232,CAMK1
ASB6,KIF26B,CAMK2D
ASCC1,KIF7,CAMK2G
ASCC2,KLF12,CAMSAP1
ASCC3,KLF13,CAMSAP2
ASF1B,KLF3,CAMSAP3
ASL,KMT2E,CANX
ASNS,KRBA1,CAP1
ASPM,KRCC1,CAP2
ASRGL1,KRT80,CARHSP1
ASS1,KSR1,CARMIL1
ATAD1,L1RE1,CARS1
ATAD3A,L3MBTL2,CASC3
ATAD3B,L3MBTL3,CASK
ATE1,LAD1,CASKIN2
ATF1,LARP6,CASP2
ATG12,LATS2,CAST
ATG13,LAYN,CAV1
ATG3,LCA5,CAVIN1
ATG4A,LCOR,CAVIN2
ATG4B,LHX1,CAVIN3
ATG4C,LIN37,CBR1
ATG5,LIN52,CBX1
ATG7,LIPE,CBX3
ATIC,LMBRD2,CBX4
ATL2,LRIG1,CBX5
ATL3,LRP12,CBX8
ATM,LSM11,CC2D1A
ATOX1,LURAP1,CCAR1
ATP11A,LYSMD1,CCAR2
ATP11B,LYSMD2,CCDC102A
ATP13A1,MACIR,CCDC25
ATP13A3,MACO1,CCDC43
ATP1B1,MAGED4,CCDC6
ATP1B3,MAML1,CCDC86
ATP2B4,MAP3K1,CCDC88A
ATP2C1,MAP3K21,CCDC9
ATP5F1A,MAP3K3,CCDC93
ATP5F1C,MAPK8IP3,CCDC97
ATP5F1D,MARK1,CCNH
ATP5F1E,MAST1,CCNK
ATP5IF1,MAST2,CCNL1
ATP5MC1,MCF2L,CCNL2
ATP5ME,MCM10,CCNT1
ATP5MF,MCOLN2,CCNT2
ATP5MG,MCOLN3,CCNY
ATP5MJ,MCRIP1,CCS
ATP5MK,MDM1,CCT4
ATP5PB,MED26,CD2AP
ATP5PD,MEF2A,CD2BP2
ATP5PO,MEIS1,CD44
ATP6AP1,METTL22,CD99
ATP6AP2,MEX3A,CDC20
ATP6V0A1,MFSD6,CDC23
ATP6V0A4,MGA,CDC27
ATP6V0C,MID1IP1,CDC34
ATP6V0D1,MID2,CDC37L1
ATP6V1A,MIGA2,CDC42BPA
ATP6V1B2,MIIP,CDC42BPB
ATP6V1C1,MIS18BP1,CDC42EP1
ATP6V1D,MLLT6,CDC42EP4
ATP6V1E1,MNX1,CDC5L
ATP6V1F,MPHOSPH6,CDCA2
ATP6V1G1,MTMR4,CDCA7L
ATP6V1H,MTRR,CDCA8
ATP7A,MUTYH,CDH2
ATPAF1,MYBL2,CDK1
ATPAF2,MYC,CDK11B
ATRN,MYL12B,CDK12
ATXN10,MYT1,CDK13
ATXN3,N4BP2,CDK7
AUH,NAV2,CDKAL1
AUP1,NAV3,CDKN2AIP
AURKA,NCKAP5L,CDR2
AURKB,NCOA7,CDR2L
AVL9,NDEL1,CDS2
B2M,NEK4,CDV3
B3GALT6,NET1,CDYL
B3GAT3,NFATC3,CEBPZ
B3GLCT,NFIL3,CENPB
B3GNTL1,NGRN,CENPC
B4GALT1,NHS,CENPF
B4GALT4,NKX2-4,CENPI
B4GALT5,NOL4L,CEP131
B4GAT1,NOPCHAP1,CEP164
BABAM2,NPDC1,CEP170
BAG1,NRBF2,CEP170B
BAG5,NRG1,CEP192
BAK1,NRP1,CEP350
BANF1,NSUN5P2,CEP43
BANP,NUAK1,CEP55
BAX,NUFIP1,CEP89
BBS1,OFD1,CERS2
BBS7,OXTR,CERT1
BCAP31,PABIR1,CFL1
BCAS2,PABIR2,CGAS
BCAT1,PACRGL,CGGBP1
BCAT2,PACS2,CGN
BCKDHB,PAGR1,CHAF1A
BCL2L1,PALB2,CHAF1B
BCS1L,PAM,CHAMP1
BDH1,PAN3,CHCHD3
BDH2,PAPOLG,CHD1
BECN1,PARD6A,CHD2
BET1,PCDH1,CHD3
BGN,PCDHB5,CHD4
BID,PCGF6,CHD7
BIN3,PDE1C,CHD8
BIRC2,PDE4B,CHD9
BLMH,PDE5A,CHEK1
BLOC1S4,PDE8A,CHERP
BLOC1S6,PDLIM2,CHM
BLVRA,PEAR1,CHMP1A
BLVRB,PEX10,CHMP2B
BMPR2,PHACTR2,CHMP3
BNIP1,PHC1,CHMP4B
BOD1,PHF20,CHMP7
BOLA2,PHF20L1,CHRAC1
BPGM,PI4KB,CHTF18
BPHL,PIEZO2,CIAPIN1
BPNT1,PIKFYVE,CIC
BPNT2,PIMREG,CIP2A
BRCC3,PIP4K2B,CIRBP
BRI3,PITPNM3,CIT
BRI3BP,PITX1,CIZ1
BRIX1,PKD2,CKAP2
BRK1,PLCE1,CKAP2L
BRMS1L,PLEKHA3,CKAP4
BROX,PLEKHF1,CKAP5
BRPF3,PLEKHF2,CLASP1
BRSK2,PLEKHG2,CLASP2
BST1,PLEKHH3,CLASRP
BST2,PLK2,CLCC1
BTD,POC5,CLEC16A
BTF3L4,POLM,CLGN
BUD23,POLR2M,CLIC1
BUD31,POM121,CLIC4
C11orf54,POP5,CLINT1
C12orf57,PPFIA3,CLIP1
C14orf119,PPFIBP2,CLIP2
C17orf80,PPM1H,CLK3
C18orf21,PPP1R15B,CLK4
C19orf25,PPP1R16A,CLMN
C19orf53,PPP1R3D,CLN3
C1GALT1,PPP1R3E,CLNS1A
C1QBP,PPP2R5B,CLPX
C1orf109,PRAG1,CLTC
C1orf131,PRDM2,CLUH
C1orf43,PRDM4,CMTR1
C1orf50,PRKCE,CNN3
C20orf27,PRMT6,CNNM3
C2orf69,PROSER3,CNNM4
C2orf76,PRR12,CNOT3
C3,PSEN1,COASY
C3orf38,PTOV1,COG1
C4orf3,PTPN21,COG3
C5orf51,PTPN3,COG5
C7orf25,PTPN4,COIL
C7orf26,PWWP2A,COMT
C8orf33,PWWP2B,COPA
C8orf82,PYGO2,COPB2
C9orf64,RAB11FIP2,COPE
CA13,RAB3IP,COPS3
CA2,RAB40C,CORO2A
CAB39,RAP1GAP,CORO7
CAB39L,RAPGEF1,COTL1
CABIN1,RASSF8,CPNE3
CACNA2D1,RBBP8,CPSF1
CACUL1,RC3H2,CPSF2
CACYBP,REC8,CPSF7
CADM1,REPIN1,CRACD
CALB2,RERE,CRACR2A
CALCOCO1,REST,CREB1
CALM1,REV3L,CRIP2
CALML3,RFFL,CRK
CALR,RFX7,CRYBG3
CAMK1D,RGL3,CSDE1
CAMK4,RGS12,CSNK1A1
CAMKK2,RGS3,CSNK1E
CAMLG,RHBDF1,CSPP1
CAND1,RIC1,CSTF2T
CAND2,RIMS3,CSTF3
CANT1,RLIM,CTDP1
CAPG,RNF10,CTDSPL2
CAPN1,RNF113A,CTIF
CAPN2,RNF13,CTNNA1
CAPN5,RNF139,CTNNA2
CAPN7,RNF168,CTNNB1
CAPNS1,RNF169,CTNNBL1
CAPRIN1,RPUSD2,CTNND1
CAPZA1,RTN1,CTPS1
CAPZA2,RUBCN,CTPS2
CAPZB,RYBP,CTR9
CARD19,S1PR1,CTTN
CARM1,SAMD4A,CTTNBP2NL
CARS2,SATB2,CTU2
CASP1,SCARF2,CUL4A
CASP3,SCLT1,CUL4B
CASP4,SCNM1,CUSTOS
CASP6,SDCCAG8,CUX1
CASP7,SEMA4B,CWC15
CASP8,SEMA4D,CWC22
CASTOR2,SERINC3,CWC27
CAT,SETD1B,CWF19L2
CAV2,SETD5,CXADR
CBFB,SETMAR,CXorf38
CBL,SEZ6L,CYB5B
CBR3,SGK3,CYBRD1
CBR4,SGO1,CYFIP1
CBS,SH2B3,CYLD
CBWD2,SH2D3A,DAB2
CBX2,SH2D5,DAB2IP
CC2D1B,SH3BP2,DAG1
CCDC115,SH3GL3,DAPK1
CCDC12,SHROOM1,DAPK3
CCDC124,SHROOM3,DAXX
CCDC127,SIK2,DBN1
CCDC134,SIM1,DBNL
CCDC22,SIPA1L2,DBR1
CCDC32,SLBP,DCAF1
CCDC47,SLC12A6,DCAF5
CCDC51,SLC12A8,DCAF6
CCDC59,SLC17A5,DCAF8
CCDC77,SLC19A1,DCBLD2
CCDC80,SLC20A1,DCK
CCDC90B,SLC23A2,DCLK1
CCDC91,SLC2A13,DCP1A
CCN1,SLC35F6,DCPS
CCNA2,SLC35G2,DCUN1D5
CCNB1,SLC39A6,DDB2
CCNB2,SLC39A7,DDHD1
CCNC,SLC45A4,DDX10
CCND1,SLC4A2,DDX17
CCNDBP1,SLC4A4,DDX20
CCNE1,SLC66A2,DDX21
CCT2,SLCO4A1,DDX23
CCT3,SLF1,DDX24
CCT5,SLF2,DDX3X
CCT6A,SLX4,DDX41
CCT7,SLX4IP,DDX42
CCT8,SMIM1,DDX46
CCZ1B,SMIM13,DDX5
CD109,SNN,DDX51
CD151,SNPH,DDX52
CD276,SNRK,DDX54
CD320,SNX11,DDX55
CD40,SNX19,DDX59
CD46,SNX29,DEF6
CD47,SOBP,DEK
CD55,SORBS1,DENND1A
CD59,SOX1,DENND2A
CD63,SP140L,DENND4A
CD68,SP4,DENND4C
CD70,SPA17,DENR
CD81,SPEG,DEPDC5
CD82,SPICE1,DEPTOR
CD9,SPRTN,DFFA
CDA,SRCIN1,DGCR8
CDC123,SRF,DHCR7
CDC16,SRSF8,DHX15
CDC25C,SSBP4,DHX16
CDC37,SSX2IP,DHX29
CDC40,ST13P5,DHX36
CDC42,STARD3NL,DHX57
CDC42EP2,STC2,DHX9
CDC42EP3,STIL,DICER1
CDC45,STK11,DIDO1
CDC73,STRIP2,DIP2B
CDIPT,STX17,DIS3
CDK16,SUPT7L,DIS3L2
CDK18,SV2A,DKC1
CDK2,SYNM,DLC1
CDK2AP1,SZRD1,DLG1
CDK4,TAB2,DLGAP4
CDK5,TAB3,DLGAP5
CDK5RAP1,TACC2,DMAC2L
CDK5RAP2,TAF1D,DMAP1
CDK5RAP3,TBC1D22B,DMXL1
CDK6,TBX2,DMXL2
CDK8,TBXA2R,DNAJB2
CDK9,TCEAL1,DNAJB6
CDKN1C,TCEAL2,DNAJC1
CDKN2A,TCEAL3,DNAJC17
CDKN2AIPNL,TCP11L2,DNAJC2
CEBPB,TERF1,DNAJC21
CELF1,TFE3,DNAJC5
CELF2,TFPT,DNAJC6
CEMIP2,THSD1,DNM1
CENPE,TICRR,DNM1L
CENPH,TJP3,DNMBP
CENPK,TLE4,DNMT1
CENPM,TLK1,DNPH1
CENPN,TMCC1,DNTTIP2
CENPO,TMEM106A,DOCK1
CENPV,TMEM179B,DOCK10
CEP135,TMEM184B,DOCK11
CEP250,TMEM237,DOCK5
CEP290,TMEM40,DOCK6
CEP41,TMEM44,DOCK7
CEP44,TMEM51,DOCK9
CEP78,TNFAIP1,DOP1B
CEP85,TNFRSF21,DPF2
CEP97,TNIK,DPH2
CEPT1,TNRC18,DPYSL2
CERS6,TNS2,DPYSL3
CES2,TOB2,DSC2
CETN2,TOPORS,DSG2
CETN3,TPRN,DSN1
CFAP20,TRAK1,DSP
CFAP298,TRAPPC14,DST
CFAP36,TRERF1,DTD1
CFAP418,TRIM44,DTNA
CFB,TRPS1,DTNBP1
CFDP1,TSC22D3,DTX3L
CFL2,TSC22D4,DUS3L
CHAC2,TSSC4,DUT
CHCHD2,TTBK2,DVL2
CHCHD4,TTC39B,DYNC1I2
CHCHD6,TTF1,DYNC1LI1
CHD1L,TUBA1A,DYNC1LI2
CHD6,TUSC1,DYNC2I1
CHEK2,TWIST1,DYRK1A
CHID1,UBE2E2,EAPP
CHKA,UBE2E3,ECHDC1
CHKB,UBE2R2,ECT2
CHML,UCKL1,EDC3
CHMP1B,ULK3,EDC4
CHMP2A,USB1,EED
CHMP4A,USP42,EEF1B2
CHMP4C,USP6NL,EEF1D
CHMP5,UVSSA,EEF1E1
CHMP6,VAMP4,EEF1G
CHORDC1,VASH1,EEF2
CHP1,VGLL4,EEF2K
CHPF,VRK3,EFHD2
CHPF2,WHAMM,EFNB1
CHRDL1,WNK3,EFTUD2
CHST14,WNK4,EGFR
CHSY1,WWOX,EGLN1
CHTF8,XKR5,EHBP1
CHTOP,ZBED4,EHBP1L1
CHUK,ZBTB14,EHD2
CHURC1,ZBTB17,EHMT1
CIAO1,ZBTB26,EHMT2
CIAO2A,ZBTB3,EI24
CIAO2B,ZBTB46,EIF1AD
CIAO3,ZBTB9,EIF2A
CINP,ZC3H3,EIF2B4
CISD1,ZC3H6,EIF2B5
CISD2,ZC3H8,EIF2S1
CKB,ZCCHC14,EIF2S2
CKLF,ZCRB1,EIF3A
CKMT1A,ZFPM1,EIF3B
CLCN3,ZFY,EIF3D
CLCN7,ZFYVE9,EIF3F
CLDND1,ZHX3,EIF3G
CLIC2,ZIC2,EIF3H
CLIC3,ZKSCAN1,EIF3J
CLIC6,ZKSCAN3,EIF3K
CLK2,ZMYM6,EIF4B
CLMP,ZNF184,EIF4EBP1
CLN5,ZNF205,EIF4ENIF1
CLP1,ZNF267,EIF4G1
CLPB,ZNF276,EIF4G2
CLPP,ZNF316,EIF4G3
CLPTM1,ZNF32,EIF4H
CLPTM1L,ZNF335,EIF5
CLSTN3,ZNF34,EIF5B
CLTA,ZNF385A,EIF6
CLTB,ZNF407,ELF1
CLTCL1,ZNF408,ELF2
CLYBL,ZNF446,ELL
CMAS,ZNF469,ELOA
CMBL,ZNF507,ELP4
CMC1,ZNF516,EMD
CMIP,ZNF532,EML3
CMPK1,ZNF608,EML4
CMSS1,ZNF652,EMSY
CMTM6,ZNF654,ENAH
CMTM7,ZNF703,ENO1
CMTR2,ZNF704,EP300
CNBP,ZNF711,EP400
CNDP2,ZNF740,EPB41
CNN2,ZNF768,EPB41L1
CNNM2,ZNF777,EPB41L2
CNOT1,ZNF800,EPB41L3
CNOT10,ZNF839,EPB41L5
CNOT11,ZNHIT3,EPC2
CNOT2,ZNHIT6,EPHA2
CNOT6,ZNRF2,EPHB2
CNOT7,ZRANB3,EPN1
CNOT8,ZRSR2,EPN2
CNOT9,ZSCAN18,EPPK1
CNP,ZSCAN21,EPRS1
CNPY2,,EPS15
CNPY3,,EPS15L1
CNPY4,,EPS8
CNRIP1,,EPS8L2
CNTNAP1,,ERBB2
CNTRL,,ERBB3
CNTROB,,ERBIN
COA3,,ERC1
COA7,,ERCC5
COG2,,ERCC6
COG4,,ERCC6L
COG6,,ESCO2
COG7,,ESF1
COG8,,ESPL1
COL12A1,,ESPNL
COL18A1,,ESYT1
COL1A1,,ESYT2
COL4A2,,ETS1
COL4A4,,EVI5
COL6A1,,EXOC1
COL6A2,,EXOC2
COL7A1,,EXOC4
COLGALT1,,EXOC6B
COMMD1,,EXOC7
COMMD10,,EXOSC5
COMMD2,,EXOSC7
COMMD3,,EXOSC9
COMMD4,,EYA3
COMMD5,,EYA4
COMMD6,,EZH2
COMMD7,,EZR
COMMD8,,F11R
COMMD9,,F3
COMTD1,,FAM102B
COPB1,,FAM120A
COPG1,,FAM126A
COPG2,,FAM133B
COPS2,,FAM169A
COPS4,,FAM171A1
COPS5,,FAM171A2
COPS6,,FAM193A
COPS7A,,FAM76B
COPS7B,,FAM83D
COPS8,,FAM83G
COPZ1,,FAM83H
COQ3,,FAM91A1
COQ5,,FANCD2
COQ6,,FANCI
COQ7,,FARP1
COQ8A,,FASN
COQ9,,FASTKD2
CORO1A,,FBL
CORO1B,,FBRS
CORO1C,,FBXO38
COX11,,FBXO42
COX15,,FBXW9
COX18,,FCHO2
COX20,,FCHSD1
COX4I1,,FCHSD2
COX5A,,FECH
COX6C,,FEN1
COX7A2,,FERMT2
COX7A2L,,FEZ2
COX7C,,FGD6
COX8A,,FHIP1B
CPD,,FHL2
CPEB2,,FHOD1
CPM,,FILIP1L
CPNE1,,FIP1L1
CPNE2,,FKBP15
CPNE8,,FKBP1A
CPOX,,FKBP4
CPPED1,,FKBP5
CPS1,,FLCN
CPSF3,,FLII
CPSF4,,FLNA
CPSF6,,FLNB
CPT1A,,FLNC
CPT2,,FLYWCH2
CPTP,,FMN2
CPVL,,FMNL1
CRABP2,,FMNL2
CRADD,,FMNL3
CRAT,,FNBP1
CRBN,,FNBP1L
CREG1,,FNBP4
CRELD1,,FNDC3A
CRELD2,,FNDC3B
CRIM1,,FOSL1
CRKL,,FOSL2
CRLF3,,FOXJ2
CRNKL1,,FOXK1
CROT,,FOXK2
CRTAP,,FOXO3
CRTC2,,FRA10AC1
CRYAB,,FRMD6
CRYM,,FRYL
CRYZ,,FSCN1
CRYZL1,,FSD1
CS,,FTH1
CSE1L,,FTO
CSGALNACT2,,FTSJ1
CSK,,FTSJ3
CSNK1G2,,FUBP1
CSNK2A1,,FUNDC1
CSNK2A2,,FUNDC2
CSNK2B,,FXR1
CSPG4,,FXR2
CSRP1,,FYN
CSRP2,,FYTTD1
CSTB,,G3BP1
CSTF1,,G3BP2
CSTF2,,GAB1
CT45A6,,GABARAPL2
CTBP1,,GAK
CTBP2,,GAPDH
CTBS,,GAPVD1
CTCF,,GATAD2A
CTH,,GATAD2B
CTHRC1,,GBF1
CTNNAL1,,GCC2
CTSA,,GCFC2
CTSB,,GCN1
CTSC,,GDAP1
CTSD,,GDAP2
CTSF,,GDI2
CTSH,,GEMIN5
CTSL,,GFPT1
CTSZ,,GGA3
CTU1,,GIGYF1
CUEDC2,,GIGYF2
CUL1,,GINS2
CUL2,,GIT1
CUL3,,GIT2
CUL5,,GLE1
CUL7,,GLI2
CUL9,,GMIP
CUTA,,GMNN
CUTC,,GMPS
CWF19L1,,GNAI3
CXXC1,,GNAS
CYB5A,,GNG12
CYB5R1,,GNL1
CYB5R2,,GNL2
CYB5R3,,GNL3
CYB5R4,,GOLGA2
CYBA,,GOLGA3
CYBC1,,GOLGA4
CYC1,,GOLGB1
CYCS,,GOLM2
CYHR1,,GOLPH3
CYP20A1,,GON4L
CYP2J2,,GORASP1
CYP51A1,,GORASP2
CYRIA,,GPATCH11
CYRIB,,GPATCH2
CYSTM1,,GPATCH4
CYTH2,,GPATCH8
CYTH3,,GPBP1
CZIB,,GPHN
DAAM1,,GPI
DAD1,,GPKOW
DAGLB,,GPRASP2
DALRD3,,GPRC5A
DAP3,,GPRIN1
DARS1,,GPS1
DARS2,,GPSM1
DAZAP1,,GRAMD1A
DAZAP2,,GRAMD2B
DBI,,GRK2
DBT,,GRSF1
DCAF11,,GRWD1
DCAF13,,GSK3A
DCAF16,,GSK3B
DCAF7,,GSTP1
DCAKD,,GTF2A1
DCP1B,,GTF2B
DCTD,,GTF2F1
DCTN1,,GTF2F2
DCTN2,,GTF2I
DCTN3,,GTF3C1
DCTN4,,GTF3C2
DCTN5,,GTF3C3
DCTN6,,GTF3C4
DCTPP1,,GTPBP4
DCUN1D1,,GTSE1
DCUN1D3,,GYS1
DCXR,,H1-0
DDAH1,,H1-10
DDAH2,,H1-2
DDB1,,H1-3
DDHD2,,H1-4
DDI2,,H1-5
DDOST,,H2AX
DDRGK1,,H2BU1
DDT,,H3-3A
DDX1,,H3C15
DDX18,,H4C1
DDX19A,,HACD3
DDX19B,,HARS1
DDX27,,HAUS6
DDX28,,HAUS7
DDX31,,HCFC1
DDX39A,,HDAC1
DDX39B,,HDAC2
DDX47,,HDAC3
DDX49,,HDAC7
DDX50,,HDGF
DDX56,,HDGFL2
DDX58,,HDGFL3
DDX6,,HDLBP
DDX60,,HEATR5A
DECR1,,HEATR6
DECR2,,HECTD1
DEGS1,,HECTD4
DENND10P1,,HEG1
DENND11,,HELB
DENND3,,HELLS
DENND5A,,HELZ
DENND5B,,HELZ2
DENND6A,,HERC1
DEPDC1B,,HERC2
DERA,,HEXIM1
DERL1,,HIRA
DERL2,,HIRIP3
DERPC,,HJURP
DES,,HLA-A
DESI2,,HLA-B
DFFB,,HLCS
DGAT1,,HLTF
DGKA,,HMCES
DGKE,,HMGA1
DGKQ,,HMGA2
DGLUCY,,HMGCS1
DGUOK,,HMGN1
DHCR24,,HMGN3
DHFR,,HMGN4
DHODH,,HMGN5
DHPS,,HMGXB4
DHRS1,,HNRNPA0
DHRS11,,HNRNPA1
DHRS13,,HNRNPA2B1
DHRS4,,HNRNPA3
DHRS7,,HNRNPAB
DHRS7B,,HNRNPC
DHTKD1,,HNRNPCL3
DHX30,,HNRNPD
DHX32,,HNRNPF
DHX35,,HNRNPH1
DHX37,,HNRNPK
DHX38,,HNRNPL
DHX40,,HNRNPM
DHX8,,HNRNPU
DIABLO,,HNRNPUL1
DIAPH1,,HNRNPUL2
DIAPH2,,HOMER3
DIAPH3,,HOOK3
DIMT1,,HP1BP3
DIP2A,,HPS5
DIP2C,,HS1BP3
DIS3L,,HSD17B7
DLAT,,HSF1
DLD,,HSP90AA1
DLG3,,HSP90AB1
DLG5,,HSP90B1
DLST,,HSPA12A
DMAC1,,HSPA1A
DMAC2,,HSPA4
DMTF1,,HSPA8
DNA2,,HSPB1
DNAAF10,,HSPB6
DNAAF5,,HSPD1
DNAAF9,,HSPH1
DNAJA1,,HTATSF1
DNAJA2,,HTT
DNAJA3,,HUS1
DNAJA4,,HUWE1
DNAJB1,,ICAM1
DNAJB11,,ICAM2
DNAJB12,,ICE1
DNAJB4,,IFI16
DNAJB5,,IGF1R
DNAJC10,,IGF2BP1
DNAJC11,,IGF2BP2
DNAJC13,,IGF2BP3
DNAJC19,,IGF2R
DNAJC25,,IKBKB
DNAJC3,,IKBKG
DNAJC30,,ILF3
DNAJC7,,ILK
DNAJC8,,ILRUN
DNAJC9,,ILVBL
DNASE2,,IMMT
DNM2,,IMPA1
DNPEP,,IMPACT
DNTTIP1,,IMPDH2
DOHH,,IMUP
DOLPP1,,INCENP
DOP1A,,INF2
DPCD,,ING5
DPH1,,INPP5F
DPH5,,INPPL1
DPH6,,INTS1
DPM1,,INTS10
DPM3,,INTS12
DPP3,,INTS13
DPP7,,INTS3
DPP8,,INTS9
DPP9,,IPO11
DPY30,,IPO5
DPYD,,IQCJ-SCHIP1
DPYSL5,,IQGAP2
DR1,,IQSEC1
DRAP1,,IRF2BP1
DRG1,,IRF2BP2
DRG2,,IRF2BPL
DSCC1,,IRS2
DSTN,,IRS4
DTWD2,,ISCU
DTYMK,,ISY1
DUS1L,,ITCH
DUS2,,ITGA3
DUSP11,,ITGAV
DUSP12,,ITGB1
DUSP23,,ITGB4
DUSP3,,ITGB5
DUSP9,,ITPR3
DYNC1H1,,ITPRID2
DYNC2H1,,ITSN1
DYNC2I2,,ITSN2
DYNLL1,,IVNS1ABP
DYNLL2,,IWS1
DYNLRB1,,JADE1
DYNLT1,,JMJD1C
DYNLT2B,,JMJD6
DYSF,,JMY
E2F3,,JPT1
E2F4,,JRKL
EARS2,,JUN
EBNA1BP2,,JUNB
EBP,,JUND
ECD,,KANK1
ECE1,,KANK2
ECH1,,KANSL3
ECHDC3,,KAT14
ECHS1,,KAT6A
ECI1,,KAT7
ECI2,,KATNA1
ECPAS,,KATNB1
ECSIT,,KBTBD11
EDEM3,,KCNQ5
EDF1,,KCTD12
EDRF1,,KDM1A
EEA1,,KDM1B
EEF1A1,,KDM2A
EEF1A2,,KDM2B
EEFSEC,,KDM3A
EFCAB14,,KDM3B
EFHD1,,KDM4B
EFL1,,KDM5A
EFR3A,,KDM5C
EGLN2,,KDM6A
EHD1,,KDM7A
EHD3,,KHDRBS1
EHD4,,KHNYN
EHHADH,,KHSRP
EIF1,,KIAA0754
EIF1AX,,KIAA0930
EIF1B,,KIAA1109
EIF2AK2,,KIAA1143
EIF2AK4,,KIAA1522
EIF2B1,,KIAA1671
EIF2B2,,KIDINS220
EIF2B3,,KIF11
EIF2D,,KIF13A
EIF2S3,,KIF13B
EIF3C,,KIF15
EIF3E,,KIF18A
EIF3I,,KIF18B
EIF3L,,KIF1B
EIF3M,,KIF1C
EIF4A1,,KIF20A
EIF4A2,,KIF20B
EIF4A3,,KIF21A
EIF4E,,KIF23
EIF4E2,,KIF2A
EIF5A,,KIF2C
EIPR1,,KIF4A
ELAC2,,KIFAP3
ELAVL1,,KIFC1
ELAVL2,,KIN
ELMO2,,KIRREL1
ELMOD2,,KLC1
ELOB,,KLC2
ELOC,,KLC3
ELOVL1,,KLC4
ELOVL2,,KLF16
ELOVL4,,KLHDC4
ELP1,,KLHL9
ELP2,,KMT2A
ELP3,,KMT2C
ELP5,,KMT2D
ELP6,,KNL1
EMB,,KPNA2
EMC1,,KPNA3
EMC10,,KPNA4
EMC2,,KRI1
EMC3,,KRT17
EMC4,,KRT18
EMC7,,KRT6A
EMC8,,KRT7
EMG1,,KRT8
EML1,,KTN1
EML2,,L1CAM
ENDOD1,,LAMTOR1
ENDOG,,LARP1
ENG,,LARP1B
ENO2,,LARP4
ENO3,,LARP4B
ENOPH1,,LARP7
ENPP1,,LAS1L
ENPP4,,LASP1
ENY2,,LATS1
EOGT,,LBR
EPDR1,,LDB1
EPHB4,,LEMD2
EPHX1,,LEMD3
EPHX2,,LENG8
EPM2AIP1,,LEO1
ERAL1,,LIG1
ERAP1,,LIG3
ERCC1,,LIMA1
ERCC2,,LIMCH1
ERCC3,,LIMD1
ERCC4,,LIMK1
ERG28,,LIN54
ERGIC1,,LIN9
ERGIC2,,LLGL1
ERGIC3,,LLGL2
ERH,,LMBRD1
ERI1,,LMF1
ERI3,,LMNA
ERLEC1,,LMNB1
ERLIN1,,LMNB2
ERLIN2,,LMO7
ERMP1,,LMTK2
ERO1A,,LNPK
ERO1B,,LPIN3
ERP29,,LRATD2
ERP44,,LRBA
ESD,,LRCH1
ESRP2,,LRCH3
ESRRA,,LRCH4
ETF1,,LRP1
ETFA,,LRRC40
ETFB,,LRRC47
ETFDH,,LRRC8A
ETHE1,,LRRFIP1
ETNK1,,LRRFIP2
EVI5L,,LRWD1
EWSR1,,LSM12
EXD2,,LSM14A
EXOC3,,LSR
EXOC5,,LUC7L
EXOC6,,LUC7L2
EXOC8,,LUC7L3
EXOG,,LUZP1
EXOSC1,,LYAR
EXOSC10,,LYN
EXOSC2,,LYST
EXOSC3,,LZTS2
EXOSC4,,MACF1
EXOSC6,,MACROH2A1
EXOSC8,,MACROH2A2
EXT1,,MADD
EXT2,,MAF1
EXTL2,,MAGED2
EXTL3,,MAGEL2
F5,,MAGI1
F8A1,,MAGI3
FAAP100,,MAK16
FABP5,,MAP1A
FADD,,MAP1B
FADS1,,MAP1S
FADS2,,MAP2K2
FADS3,,MAP2K7
FAF1,,MAP3K20
FAF2,,MAP3K4
FAH,,MAP3K7
FAHD1,,MAP4
FAHD2A,,MAP4K4
FAHD2B,,MAP4K5
FAIM,,MAP7D1
FAM111A,,MAP7D3
FAM111B,,MAPK1
FAM114A1,,MAPK7
FAM114A2,,MAPRE3
FAM118B,,MAPT
FAM120B,,MARCHF7
FAM120C,,MARCKS
FAM136A,,MARCKSL1
FAM162A,,MARF1
FAM168A,,MARK2
FAM20B,,MARK3
FAM210A,,MARS1
FAM221A,,MASTL
FAM234A,,MATR3
FAM241B,,MAVS
FAM3C,,MBD2
FAM50A,,MBD3
FAM89B,,MBD4
FAM8A1,,MCAM
FAM92A,,MCM2
FAM98A,,MCM3
FAM98B,,MCM3AP
FAM98C,,MCM4
FANCA,,MCM6
FANCG,,MCMBP
FAR1,,MCRS1
FARP2,,MDC1
FARS2,,MDH1
FARSA,,MDN1
FARSB,,MECP2
FASTKD1,,MED1
FASTKD5,,MED12
FAU,,MED13
FBH1,,MED17
FBLIM1,,MED24
FBLL1,,MEF2D
FBN2,,MEPCE
FBXL12,,MET
FBXL15,,METTL16
FBXL18,,METTL2B
FBXL2,,METTL3
FBXL20,,MEX3D
FBXL6,,MFAP1
FBXL8,,MFF
FBXO21,,MGMT
FBXO22,,MIA2
FBXO28,,MIA3
FBXO3,,MICAL3
FBXO30,,MICALL1
FBXO44,,MICALL2
FBXO45,,MID1
FBXO6,,MIDEAS
FBXO7,,MIEF1
FBXW5,,MIER1
FCHO1,,MINK1
FCSK,,MIOS
FDFT1,,MISP
FDPS,,MKI67
FDX1,,MKRN2
FDX2,,MLF2
FDXR,,MLLT1
FEM1B,,MMACHC
FGD4,,MMS19
FGF2,,MMTAG2
FGFR1,,MOB1B
FH,,MOCS2
FHIP2A,,MON2
FHIP2B,,MORC2
FHL1,,MORC3
FHL3,,MORF4L2
FIBP,,MOSPD2
FIG4,,MPDZ
FIGNL1,,MPHOSPH10
FIS1,,MPHOSPH8
FKBP10,,MPRIP
FKBP11,,MPZL1
FKBP2,,MRC2
FKBP3,,MRE11
FKBP8,,MRGBP
FKBP9,,MRPL1
FKBPL,,MRPS16
FLAD1,,MRTFA
FLOT1,,MRTFB
FLOT2,,MSH6
FLYWCH1,,MSI1
FMR1,,MSL1
FN1,,MSL3
FN3K,,MSTO1
FN3KRP,,MTA1
FNTA,,MTCH1
FNTB,,MTCL1
FOCAD,,MTDH
FOXD1,,MTF2
FOXRED1,,MTFR1
FPGS,,MTFR1L
FPGT,,MTMR10
FRG1,,MTMR12
FSTL1,,MTMR14
FTL,,MTMR2
FUBP3,,MTMR3
FUCA1,,MTMR6
FUCA2,,MTPN
FUOM,,MTREX
FUS,,MTSS2
FUT11,,MTX1
FUT8,,MTX3
FXN,,MVB12A
FYCO1,,MXRA7
FZD2,,MYADM
G6PC3,,MYBBP1A
G6PD,,MYCBP2
GAA,,MYEF2
GABPA,,MYH10
GADD45GIP1,,MYH14
GALE,,MYH9
GALK1,,MYLK
GALK2,,MYO10
GALM,,MYO18A
GALNS,,MYO1C
GALNT1,,MYO5A
GALNT10,,MYO9A
GALNT14,,MYO9B
GALNT2,,MYOF
GALNT7,,MYPN
GALT,,N4BP1
GAMT,,NAA10
GANAB,,NAA15
GAR1,,NAA30
GARS1,,NAA38
GART,,NAB1
GAS6,,NAB2
GATAD1,,NACA
GATB,,NAF1
GATD1,,NAGK
GATD3B,,NANS
GATM,,NAP1L1
GBA,,NAP1L4
GBE1,,NAPG
GBP1,,NASP
GBP2,,NAT10
GCA,,NAV1
GCAT,,NBAS
GCC1,,NBEAL2
GCDH,,NBN
GCLC,,NCAPD2
GCLM,,NCAPG
GCSH,,NCAPH
GDA,,NCAPH2
GDE1,,NCBP1
GDI1,,NCBP3
GDPD1,,NCK2
GDPGP1,,NCKIPSD
GEMIN2,,NCL
GEMIN4,,NCOA2
GEMIN8,,NCOA3
GET3,,NCOA5
GET4,,NCOR1
GFER,,NCOR2
GFM1,,NDC1
GFM2,,NDE1
GFOD2,,NDRG1
GFPT2,,NDRG2
GFUS,,NDRG3
GGA1,,NECTIN3
GGA2,,NEDD1
GGACT,,NEDD4L
GGCT,,NEFH
GGCX,,NEFL
GGH,,NEFM
GGPS1,,NEK1
GGT7,,NEK3
GHDC,,NEK9
GHITM,,NELFA
GID8,,NELFB
GINS1,,NELFE
GINS3,,NEMF
GINS4,,NES
GIPC1,,NEXN
GIPC3,,NF1
GK,,NFATC2IP
GLA,,NFATC4
GLB1,,NFIB
GLDC,,NFIC
GLG1,,NFIX
GLIPR1,,NFKB2
GLIPR2,,NFRKB
GLMN,,NFX1
GLO1,,NGDN
GLOD4,,NHSL1
GLRX,,NIBAN1
GLRX3,,NIBAN2
GLRX5,,NIFK
GLS,,NIN
GLS2,,NIPBL
GLT8D1,,NISCH
GLTP,,NKTR
GLUD1,,NMD3
GLYR1,,NME1
GM2A,,NME2
GMDS,,NMNAT1
GMEB1,,NMT1
GMEB2,,NMT2
GMFB,,NOB1
GMPPA,,NOC2L
GMPPB,,NOC3L
GMPR,,NOL3
GMPR2,,NOL8
GNA11,,NOLC1
GNA12,,NOM1
GNA13,,NOMO1
GNA15,,NONO
GNAI1,,NOP14
GNAI2,,NOP2
GNAO1,,NOP56
GNAQ,,NOP58
GNB1,,NOP9
GNB1L,,NOSIP
GNB2,,NOTCH2
GNB3,,NOVA1
GNB4,,NPAT
GNE,,NPHP4
GNG5,,NPM1
GNG7,,NR2C2
GNL3L,,NR2F6
GNPAT,,NR3C1
GNPDA1,,NRBP1
GNPDA2,,NRBP2
GNPNAT1,,NRDC
GNS,,NRIP1
GOLGA5,,NRK
GOLGA7,,NSD1
GOLM1,,NSD2
GOLT1B,,NSD3
GON7,,NSF
GOPC,,NSFL1C
GORAB,,NSMCE2
GOSR1,,NSMCE3
GOSR2,,NSMCE4A
GOT1,,NSRP1
GOT2,,NSUN2
GPAA1,,NT5E
GPALPP1,,NTHL1
GPAT4,,NUB1
GPATCH1,,NUCB1
GPC4,,NUCKS1
GPCPD1,,NUDC
GPD1L,,NUDT9
GPD2,,NUF2
GPN3,,NUFIP2
GPR107,,NUMA1
GPR143,,NUMB
GPR180,,NUMBL
GPR39,,NUP107
GPR89A,,NUP133
GPT2,,NUP153
GPX1,,NUP155
GPX4,,NUP188
GPX7,,NUP205
GPX8,,NUP210
GRB2,,NUP214
GRHPR,,NUP35
GRID2,,NUP50
GRIPAP1,,NUP88
GRK6,,NUP93
GRN,,NUP98
GRPEL1,,NUSAP1
GRPEL2,,NXF1
GSDMD,,OBI1
GSDME,,OCC1
GSN,,OCLN
GSPT1,,OGA
GSR,,OGFR
GSS,,OGFRL1
GSTCD,,OPHN1
GSTK1,,OPTN
GSTM2,,ORC1
GSTM3,,ORC6
GSTM4,,OSBP
GSTO1,,OSBPL10
GSTT1,,OSBPL11
GSTZ1,,OSBPL3
GTF2A2,,OSBPL5
GTF2E1,,OSBPL6
GTF2E2,,OSBPL8
GTF2H1,,OSBPL9
GTF2H2,,OSTF1
GTF2H3,,OSTM1
GTF2H4,,OTUB1
GTF3C5,,OTUD4
GTPBP1,,OTUD5
GTPBP10,,OTUD7B
GTPBP2,,OXR1
GTPBP3,,OXSR1
GTPBP6,,P2RX4
GTPBP8,,PA2G4
GUF1,,PABPC4
GUK1,,PABPN1
GUSB,,PACS1
GXYLT1,,PACSIN2
GYG1,,PACSIN3
H2AC4,,PAF1
H2AZ1,,PAICS
H2BC21,,PAK1
H2BC5,,PAK1IP1
H3-2,,PAK2
H3-4,,PAK4
H3C1,,PALLD
H6PD,,PALM
HACD2,,PALS1
HACL1,,PAN2
HADH,,PANK2
HADHA,,PANX1
HADHB,,PAPOLA
HAGH,,PARD3
HARS2,,PARG
HAT1,,PARN
HAUS1,,PARP1
HAUS2,,PARP2
HAUS3,,PARP9
HAUS4,,PASK
HAUS5,,PATJ
HAUS8,,PATL1
HAX1,,PAWR
HBA1,,PAX8
HBD,,PAXBP1
HBS1L,,PAXX
HCCS,,PBDC1
HCFC2,,PBRM1
HDAC6,,PBX2
HDAC8,,PBXIP1
HDDC2,,PCBP2
HDHD2,,PCF11
HDHD3,,PCM1
HDHD5,,PCNA
HEATR1,,PCNP
HEATR3,,PCNT
HEATR5B,,PCNX3
HEBP1,,PCYT1A
HEBP2,,PDAP1
HECTD3,,PDCD11
HERC4,,PDCD4
HERC5,,PDCD5
HERPUD1,,PDCL
HEXA,,PDE12
HEXB,,PDE4DIP
HGH1,,PDHA1
HGS,,PDIA6
HIBADH,,PDLIM1
HIBCH,,PDLIM4
HIF1AN,,PDLIM7
HIGD1A,,PDPK1
HIGD2A,,PDS5A
HIKESHI,,PDS5B
HINT1,,PDXDC1
HINT2,,PDZD8
HINT3,,PEA15
HIP1,,PEAK1
HIP1R,,PEG10
HK1,,PELO
HK2,,PELP1
HKDC1,,PEX1
HLA-C,,PEX14
HLA-DRB1,,PEX19
HLA-E,,PFDN4
HM13,,PFKL
HMBS,,PFKM
HMG20A,,PFKP
HMG20B,,PFN1
HMGB1,,PGAM1
HMGB2,,PGM3
HMGB3,,PGRMC1
HMGCL,,PGRMC2
HMGN2,,PHACTR4
HMMR,,PHAX
HMOX1,,PHB2
HMOX2,,PHC3
HNRNPDL,,PHF1
HNRNPH2,,PHF10
HNRNPH3,,PHF12
HNRNPLL,,PHF14
HNRNPR,,PHF2
HOMER1,,PHF21A
HOOK1,,PHF23
HOOK2,,PHF3
HPCAL1,,PHF6
HPDL,,PHF8
HPF1,,PHIP
HPRT1,,PHKA2
HPS3,,PHKB
HPS6,,PHLDB1
HPSE,,PHLDB2
HRAS,,PHPT1
HS2ST1,,PHRF1
HSBP1,,PI4K2A
HSD17B10,,PI4K2B
HSD17B11,,PI4KA
HSD17B12,,PICALM
HSD17B4,,PIEZO1
HSD17B8,,PIK3AP1
HSDL1,,PIK3C2A
HSDL2,,PIK3R2
HSP90AA4P,,PIK3R4
HSP90AB3P,,PIP5K1A
HSP90AB4P,,PITPNC1
HSPA13,,PITPNM1
HSPA14,,PJA2
HSPA1L,,PKM
HSPA2,,PKMYT1
HSPA4L,,PKN1
HSPA5,,PKN2
HSPA6,,PKNOX1
HSPA9,,PKP2
HSPB11,,PKP3
HSPB2,,PKP4
HSPBP1,,PLAA
HSPE1,,PLCB3
HSPG2,,PLCD1
HTATIP2,,PLCD3
HTRA2,,PLCG1
HYI,,PLEC
HYOU1,,PLEKHA2
HYPK,,PLEKHA5
IAH1,,PLEKHA6
IARS1,,PLEKHA7
IARS2,,PLEKHG3
IBA57,,PLEKHG5
IBTK,,PLEKHM1
ICE2,,PLEKHO2
ICMT,,PLIN3
ID1,,PLXNA3
IDE,,PLXNB2
IDH1,,PML
IDH2,,PNISR
IDH3A,,PNKP
IDH3B,,PNN
IDH3G,,PNPLA6
IDI1,,PODXL
IDUA,,POGZ
IER3IP1,,POLA2
IFI30,,POLD3
IFI35,,POLDIP3
IFI44,,POLE
IFIT1,,POLR1D
IFIT2,,POLR1E
IFIT3,,POLR1G
IFIT5,,POLR2A
IFITM3,,POLR3C
IFRD2,,POLR3E
IFT122,,POLR3G
IFT140,,POP1
IFT172,,POTEI
IFT20,,PPAN
IFT22,,PPFIA1
IFT27,,PPFIBP1
IFT52,,PPHLN1
IFT74,,PPIG
IFT80,,PPIP5K2
IFT81,,PPM1G
IFT88,,PPME1
IGBP1,,PPP1R10
IGFBP7,,PPP1R11
IGHMBP2,,PPP1R12A
IGSF3,,PPP1R12C
IK,,PPP1R13L
IKBIP,,PPP1R14A
IL18,,PPP1R14B
IL1B,,PPP1R18
IL6ST,,PPP1R2
IL7R,,PPP1R37
ILF2,,PPP1R7
ILKAP,,PPP2CA
IMP3,,PPP2R5A
IMP4,,PPP2R5D
IMPA2,,PPP2R5E
IMPDH1,,PPP4R2
INA,,PPP4R3A
ING3,,PPP4R3B
INO80,,PPP6R1
INPP1,,PPP6R2
INPP4A,,PPP6R3
INPP4B,,PRC1
INPP5A,,PRCC
INPP5B,,PRKAA1
INPP5K,,PRKAB2
INTS11,,PRKACA
INTS14,,PRKAG2
INTS2,,PRKAR1A
INTS4,,PRKAR1B
INTS5,,PRKAR2A
INTS6,,PRKAR2B
INTS7,,PRKCA
INTS8,,PRKCD
IP6K1,,PRKD1
IPO13,,PRKD2
IPO4,,PRKDC
IPO7,,PRKRA
IPO8,,PRMT3
IPO9,,PROSER2
IQCB1,,PRPF3
IQGAP1,,PRPF31
IQGAP3,,PRPF38A
IQSEC2,,PRPF38B
IQSEC3,,PRPF40A
IRAK1,,PRPF4B
IRAK4,,PRPF6
IREB2,,PRPSAP2
IRF2,,PRR11
IRF3,,PRR14
IRF9,,PRR36
IRGQ,,PRR5L
ISCA2,,PRRC2A
ISG15,,PRRC2B
ISG20,,PRRC2C
ISG20L2,,PSIP1
ISOC1,,PSMA3
ISOC2,,PSMA5
IST1,,PSMA6
ISYNA1,,PSMB5
ITGA1,,PSMD1
ITGA2,,PSMD2
ITGA4,,PSMD3
ITGA5,,PSME3
ITGA6,,PSME3IP1
ITGB8,,PSME4
ITIH2,,PSMF1
ITIH3,,PSMG1
ITIH4,,PSPC1
ITM2B,,PTBP1
ITM2C,,PTBP3
ITPA,,PTDSS1
ITPKA,,PTDSS2
ITPR1,,PTEN
IVD,,PTGES3
JAGN1,,PTK2
JAK1,,PTMA
JAM2,,PTMS
JPT2,,PTPN1
JRK,,PTPN11
JUP,,PTPN12
KARS1,,PTPN13
KAT2A,,PTPN14
KAT8,,PTPN2
KATNAL1,,PTPRA
KBTBD2,,PTPRF
KBTBD4,,PTPRM
KBTBD6,,PTPRN2
KCMF1,,PUF60
KCNAB2,,PUM1
KCT2,,PUM2
KCTD10,,PURB
KCTD14,,PUS1
KCTD18,,PVR
KCTD21,,PWP1
KCTD5,,PXDC1
KCTD9,,PXN
KDELR1,,QSER1
KDM4A,,QSOX2
KDM5B,,R3HDM1
KDM8,,RAB10
KDSR,,RAB11FIP1
KEAP1,,RAB11FIP5
KHDC4,,RAB12
KIAA0319L,,RAB13
KIAA0586,,RAB1A
KIAA1107,,RAB2B
KIAA1549L,,RAB34
KIAA2013,,RAB3IL1
KIF14,,RAB5A
KIF16B,,RAB8A
KIF22,,RAB8B
KIF3A,,RABEP1
KIF3B,,RABGAP1
KIF5B,,RABGAP1L
KIF5C,,RABGEF1
KIFBP,,RABL6
KLHDC10,,RACGAP1
KLHL11,,RACK1
KLHL22,,RAD18
KLHL25,,RAD21
KLHL26,,RAD23A
KLHL34,,RAD23B
KLHL7,,RAD50
KLHL8,,RAD51AP1
KNOP1,,RAD54B
KNSTRN,,RAD54L2
KNTC1,,RAD9A
KPNA1,,RADIL
KPNA5,,RAF1
KPNA6,,RAI1
KPNA7,,RAI14
KPNB1,,RALBP1
KRR1,,RALGAPA1
KRT1,,RALGAPB
KRT10,,RALGPS2
KRT13,,RALY
KRT14,,RANBP10
KRT16,,RANBP2
KRT2,,RANBP3
KRT5,,RANBP9
KRT71,,RANGAP1
KRT85,,RAP1GAP2
KRT9,,RAPGEF2
KRTCAP2,,RAPGEF6
KTI12,,RAPH1
KYAT1,,RASA3
KYAT3,,RASAL2
L2HGDH,,RASSF2
L3HYPDH,,RAVER1
LACTB,,RB1
LACTB2,,RB1CC1
LAGE3,,RBBP5
LAMA1,,RBBP6
LAMA5,,RBL1
LAMB1,,RBL2
LAMB2,,RBM10
LAMB3,,RBM12B
LAMC1,,RBM14
LAMC2,,RBM15
LAMP1,,RBM15B
LAMP2,,RBM17
LAMTOR2,,RBM19
LAMTOR3,,RBM25
LAMTOR5,,RBM26
LANCL1,,RBM27
LANCL2,,RBM33
LAP3,,RBM34
LAPTM4A,,RBM39
LARS1,,RBM4
LARS2,,RBM42
LCLAT1,,RBM5
LCMT1,,RBM6
LCMT2,,RBM7
LCORL,,RBM8A
LDAH,,RBMX
LDHA,,RBMX2
LDHB,,RBMXL1
LDLR,,RCC1
LENG9,,RCC2
LEPROT,,RCOR1
LETM1,,RECQL
LGALS1,,RECQL4
LGALS3,,RECQL5
LGALS3BP,,REEP3
LGALS8,,REEP4
LGALSL,,RELB
LGMN,,RELCH
LHFPL2,,REPS1
LHPP,,RER1
LIG4,,RETREG2
LIMS1,,RETREG3
LIMS2,,REXO1
LIN7C,,REXO4
LIPA,,RFC1
LITAF,,RFLNB
LMAN1,,RFTN1
LMAN2,,RGL2
LMAN2L,,RHPN2
LMCD1,,RIC8A
LMF2,,RIC8B
LMO4,,RICTOR
LNPEP,,RIF1
LONP1,,RILPL1
LONP2,,RIN1
LOXL2,,RING1
LPCAT1,,RIOK1
LPCAT3,,RIOK2
LPCAT4,,RIPOR1
LPIN1,,RLF
LPIN2,,RMDN3
LPP,,RNASEH1
LRCH2,,RNASEH2A
LRIF1,,RNF2
LRIG2,,RNF20
LRPAP1,,RNF213
LRPPRC,,RNF214
LRRC1,,RNF220
LRRC14,,RNF25
LRRC20,,RNPC3
LRRC41,,RNPS1
LRRC42,,ROBO1
LRRC57,,ROCK1
LRRC58,,ROCK2
LRRC59,,RPA1
LRRC8C,,RPAP3
LRRC8D,,RPL22L1
LRRC8E,,RPL23
LRSAM1,,RPL23A
LSG1,,RPL27A
LSM1,,RPL29
LSM14B,,RPL31
LSM2,,RPL34
LSM3,,RPL4
LSM4,,RPLP0
LSM5,,RPLP2
LSM6,,RPP25
LSM7,,RPP38
LSM8,,RPRD1A
LSS,,RPRD1B
LTA4H,,RPRD2
LTF,,RPS10
LTN1,,RPS11
LTV1,,RPS14
LYPLA1,,RPS2
LYPLA2,,RPS27
LYPLAL1,,RPS28
LYRM4,,RPS3
LZIC,,RPS3A
LZTFL1,,RPS6
LZTR1,,RPS6KA3
M6PR,,RPS6KA4
MACROD1,,RPS6KB1
MAD1L1,,RPS6KC1
MAD2L1,,RPTOR
MAD2L1BP,,RRAD
MAEA,,RRAGC
MAGED1,,RRAS2
MAGOHB,,RRBP1
MAGT1,,RREB1
MAIP1,,RRM2
MALSU1,,RRN3
MALT1,,RRP1
MAML2,,RRP12
MAN1A2,,RRP15
MAN1B1,,RRP1B
MAN2A1,,RRP36
MAN2B1,,RRP8
MAN2C1,,RRP9
MANBA,,RSF1
MANF,,RSL1D1
MAOA,,RSRC2
MAP1LC3B2,,RTF1
MAP2K1,,RTKN
MAP2K3,,RTN3
MAP2K4,,RTN4
MAP2K5,,RUNX1
MAP3K11,,RUSC2
MAP3K2,,S100A11
MAP4K2,,S100A6
MAP4K3,,SAAL1
MAPK10,,SAC3D1
MAPK12,,SAFB
MAPK14,,SAFB2
MAPK1IP1L,,SALL2
MAPK3,,SAMD1
MAPK8,,SAMD4B
MAPK9,,SAP30BP
MAPKAP1,,SAPCD2
MAPKAPK2,,SAR1A
MAPKAPK3,,SARNP
MAPRE1,,SART1
MAPRE2,,SART3
MARCHF5,,SASH1
MARS2,,SBNO1
MAT2A,,SCAF1
MAT2B,,SCAF11
MAU2,,SCAF4
MB21D2,,SCAF8
MBD1,,SCAMP1
MBIP,,SCAP
MBLAC2,,SCFD1
MBNL1,,SCML2
MBNL2,,SCRIB
MBOAT7,,SDAD1
MCAT,,SDE2
MCC,,SEC14L1
MCCC1,,SEC16A
MCCC2,,SEC22B
MCFD2,,SEC23IP
MCL1,,SEC24B
MCM5,,SEC31A
MCM7,,SEC61A1
MCTS1,,SEC61B
MCU,,SEC62
MCUR1,,SEC63
MDH2,,SEH1L
MDP1,,SEMA4C
ME1,,SENP3
ME2,,SENP6
ME3,,SEPHS1
MEAF6,,SEPTIN10
MEAK7,,SEPTIN2
MECR,,SEPTIN7
MED11,,SEPTIN9
MED13L,,SERBP1
MED14,,SERINC1
MED15,,SET
MED16,,SETD1A
MED18,,SETD2
MED19,,SETD3
MED20,,SETX
MED21,,SF1
MED22,,SF3A1
MED23,,SF3A2
MED25,,SF3A3
MED27,,SF3B1
MED28,,SF3B2
MED4,,SF3B3
MED6,,SFN
MED7,,SFPQ
MED8,,SFSWAP
MEIOC,,SGPP1
MELK,,SGTA
MELTF,,SH2B1
MEMO1,,SH2D4A
MEN1,,SH3BP1
MESD,,SH3BP4
MEST,,SH3BP5L
METAP1,,SH3D19
METAP2,,SH3GL1
METTL1,,SH3KBP1
METTL13,,SH3PXD2A
METTL14,,SHARPIN
METTL15,,SHCBP1
METTL17,,SHKBP1
METTL26,,SHTN1
METTL7B,,SIN3A
MFGE8,,SIPA1
MFN1,,SIPA1L1
MFN2,,SIPA1L3
MFSD10,,SIRT1
MFSD12,,SIRT2
MFSD3,,SIX4
MFSD8,,SIX5
MGAT1,,SKIV2L
MGAT2,,SKP1
MGAT4B,,SKP2
MGAT5,,SLAIN2
MGLL,,SLC12A4
MGME1,,SLC12A7
MGRN1,,SLC16A1
MGST1,,SLC16A3
MGST2,,SLC1A5
MGST3,,SLC20A2
MIB1,,SLC25A3
MIB2,,SLC26A2
MICAL1,,SLC26A6
MICAL2,,SLC2A1
MICB,,SLC35B2
MICOS13,,SLC35F2
MICU1,,SLC38A1
MICU2,,SLC39A10
MIEN1,,SLC4A1AP
MIF,,SLC4A7
MIF4GD,,SLC6A15
MIGA1,,SLC7A6OS
MINDY3,,SLC9A1
MINPP1,,SLC9A3R1
MIPEP,,SLC9A3R2
MIS12,,SLC9A6
MIS18A,,SLFN13
MITD1,,SLIRP
MIX23,,SLK
MKLN1,,SLMAP
MKRN1,,SLTM
MLEC,,SLU7
MLH1,,SLX9
MLKL,,SMAP
MLLT10,,SMAP2
MLLT11,,SMARCA2
MLST8,,SMARCA4
MLX,,SMARCA5
MLYCD,,SMARCAD1
MMAA,,SMARCC1
MMAB,,SMARCC2
MMADHC,,SMARCD2
MME,,SMC1A
MMGT1,,SMC3
MMP14,,SMC4
MMS22L,,SMC5
MMUT,,SMCR8
MNAT1,,SMG1
MND1,,SMG6
MOB2,,SMG8
MOB3A,,SMG9
MOB4,,SMN1
MOCS1,,SMNDC1
MOCS3,,SMTN
MOGS,,SNAP23
MON1A,,SNAPC4
MORF4L1,,SNIP1
MOV10,,SNRNP200
MOXD1,,SNRNP70
MPC2,,SNRPA
MPDU1,,SNRPA1
MPG,,SNTA1
MPI,,SNTB2
MPP1,,SNW1
MPP2,,SNX1
MPP7,,SNX16
MPST,,SNX17
MPV17,,SNX18
MRAS,,SNX24
MRI1,,SNX3
MRM3,,SNX33
MROH1,,SNX6
MRPL10,,SOGA1
MRPL11,,SON
MRPL12,,SORBS3
MRPL13,,SORT1
MRPL14,,SOS1
MRPL15,,SOWAHC
MRPL16,,SP1
MRPL17,,SP100
MRPL18,,SP110
MRPL19,,SP3
MRPL2,,SPAG1
MRPL20,,SPAG9
MRPL21,,SPATS2
MRPL22,,SPATS2L
MRPL23,,SPDL1
MRPL24,,SPECC1
MRPL27,,SPECC1L
MRPL28,,SPEN
MRPL3,,SPG21
MRPL35,,SPIN1
MRPL37,,SPINDOC
MRPL38,,SPIRE1
MRPL39,,SPTAN1
MRPL4,,SPTBN1
MRPL40,,SPTY2D1
MRPL41,,SQSTM1
MRPL43,,SRA1
MRPL44,,SRC
MRPL45,,SRCAP
MRPL46,,SREBF1
MRPL47,,SRFBP1
MRPL48,,SRGAP1
MRPL49,,SRGAP2
MRPL50,,SRP72
MRPL51,,SRPK1
MRPL53,,SRPK2
MRPL55,,SRRM1
MRPL57,,SRRM2
MRPL9,,SRRT
MRPS10,,SRSF1
MRPS11,,SRSF10
MRPS12,,SRSF11
MRPS14,,SRSF2
MRPS15,,SRSF3
MRPS17,,SRSF4
MRPS18A,,SRSF5
MRPS18B,,SRSF6
MRPS18C,,SRSF7
MRPS2,,SRSF9
MRPS21,,SSB
MRPS22,,SSBP1
MRPS23,,SSH1
MRPS24,,SSH2
MRPS25,,SSH3
MRPS26,,SSR1
MRPS27,,SSR3
MRPS28,,SSRP1
MRPS30,,ST13
MRPS31,,STAG1
MRPS33,,STAG3
MRPS34,,STAM
MRPS35,,STAP2
MRPS36,,STARD13
MRPS5,,STAU1
MRPS6,,STIM1
MRPS7,,STIM2
MRPS9,,STIP1
MRRF,,STK10
MRS2,,STK11IP
MRTO4,,STK3
MSH2,,STK32C
MSH3,,STK39
MSI2,,STK4
MSLN,,STMN1
MSMO1,,STOML2
MSN,,STRADA
MSRA,,STRIP1
MSRB2,,STRN
MT-ATP6,,STRN3
MT-ATP8,,STRN4
MT-CO2,,STT3B
MT-ND1,,STUB1
MT-ND4,,STX10
MT-ND5,,STX12
MT1E,,STX4
MT2A,,STX7
MTA2,,STXBP1
MTA3,,STXBP4
MTAP,,STXBP5
MTARC1,,SUB1
MTARC2,,SUDS3
MTCH2,,SUGP1
MTERF3,,SUGP2
MTFP1,,SUGT1
MTG1,,SUN1
MTG2,,SUN2
MTHFD1,,SUPT16H
MTHFD1L,,SUPT5H
MTHFD2,,SUPT6H
MTHFR,,SUPV3L1
MTHFS,,SURF2
MTHFSD,,SURF6
MTIF2,,SUZ12
MTM1,,SVIL
MTMR1,,SYAP1
MTMR9,,SYDE1
MTO1,,SYDE2
MTOR,,SYMPK
MTPAP,,SYNE1
MTR,,SYNE2
MTRES1,,SYNGR2
MTRF1L,,SYNJ1
MTSS1,,SYNPO
MTURN,,SYNRG
MTX2,,SYTL4
MUL1,,SYVN1
MVD,,SZT2
MVK,,TACC1
MVP,,TACC3
MX1,,TADA3
MYCBP,,TAF1
MYD88,,TAF12
MYDGF,,TAF15
MYF6,,TAF2
MYG1,,TAF3
MYL12A,,TAF6
MYL6,,TAGLN
MYL6B,,TAGLN2
MYL9,,TALDO1
MYO19,,TANC1
MYO1B,,TANC2
MYO1D,,TANK
MYO1E,,TAOK1
MYO6,,TAOK3
MYO7B,,TARS1
MYOM1,,TASOR
MYSM1,,TASOR2
MZT1,,TAX1BP3
MZT2B,,TBC1D1
N6AMT1,,TBC1D10A
NAA16,,TBC1D10B
NAA20,,TBC1D15
NAA25,,TBC1D17
NAA35,,TBC1D2
NAA40,,TBC1D22A
NAA50,,TBC1D23
NAA80,,TBC1D2B
NAAA,,TBC1D4
NABP2,,TBC1D5
NACA2,,TBC1D8B
NACA4P,,TBC1D9B
NACC1,,TBCB
NADK2,,TCEA1
NAE1,,TCEAL4
NAGA,,TCF12
NAGLU,,TCF20
NAGPA,,TCF25
NAMPT,,TCIRG1
NANP,,TCOF1
NAPA,,TCP1
NAPRT,,TDP2
NARS1,,TDRD3
NARS2,,TERF2
NAT14,,TERF2IP
NAXD,,TEX10
NAXE,,TEX2
NBEAL1,,TEX264
NCAPD3,,TFAM
NCAPG2,,TFDP1
NCBP2,,TFG
NCBP2AS2,,TFIP11
NCDN,,TGFB1I1
NCEH1,,TGOLN2
NCK1,,TGS1
NCKAP1,,THAP12
NCLN,,THOC1
NCOA4,,THOC2
NCOA6,,THRAP3
NCS1,,THUMPD1
NCSTN,,TIA1
NDC80,,TIAM1
NDOR1,,TIMELESS
NDUFA10,,TJAP1
NDUFA11,,TJP1
NDUFA12,,TJP2
NDUFA13,,TKT
NDUFA2,,TLE1
NDUFA3,,TLE3
NDUFA4,,TLK2
NDUFA5,,TLN1
NDUFA6,,TLN2
NDUFA7,,TMBIM1
NDUFA8,,TMCO1
NDUFA9,,TMEM106B
NDUFAB1,,TMEM11
NDUFAF1,,TMEM115
NDUFAF2,,TMEM131
NDUFAF3,,TMEM185B
NDUFAF4,,TMEM192
NDUFAF5,,TMEM214
NDUFAF6,,TMEM245
NDUFAF7,,TMEM30A
NDUFB1,,TMEM87A
NDUFB10,,TMF1
NDUFB11,,TMOD3
NDUFB3,,TMPO
NDUFB4,,TMX1
NDUFB5,,TNFRSF10A
NDUFB6,,TNIP1
NDUFB7,,TNKS1BP1
NDUFB8,,TNRC6A
NDUFB9,,TNRC6B
NDUFC2,,TNRC6C
NDUFS1,,TNS1
NDUFS2,,TNS3
NDUFS3,,TOE1
NDUFS4,,TOM1
NDUFS5,,TOM1L1
NDUFS6,,TOMM20
NDUFS7,,TOMM22
NDUFS8,,TOMM34
NDUFV1,,TOP1
NDUFV2,,TOP2A
NECAP1,,TOP2B
NECAP2,,TOR1AIP1
NECTIN2,,TOX4
NEDD4,,TP53
NEDD8,,TP53BP1
NEDD9,,TP53BP2
NEK7,,TP53RK
NELFCD,,TPBG
NEMP1,,TPD52
NENF,,TPD52L2
NEPRO,,TPI1
NEU1,,TPM2
NEU3,,TPM3
NFAT5,,TPMT
NFKB1,,TPR
NFKBIE,,TPX2
NFS1,,TRA2A
NFU1,,TRA2B
NFXL1,,TRAF7
NFYA,,TRAFD1
NFYC,,TRAM1
NGLY1,,TRAPPC12
NHEJ1,,TREX1
NHLRC2,,TRIM16
NHLRC3,,TRIM24
NHP2,,TRIM25
NID2,,TRIM28
NIF3L1,,TRIM3
NIP7,,TRIM33
NIPSNAP1,,TRIM47
NIPSNAP2,,TRIM56
NIPSNAP3A,,TRIO
NIT1,,TRIP10
NIT2,,TRIP12
NKRF,,TRMT1
NKX2-1,,TRMT10A
NLE1,,TRMT1L
NLN,,TRPM7
NLRP10,,TRRAP
NME2P1,,TSC1
NME3,,TSC2
NME4,,TSFM
NME6,,TSNAX
NME7,,TSPYL5
NMI,,TSR3
NNMT,,TTC1
NNT,,TTC28
NOA1,,TTC7A
NOC4L,,TTC7B
NOCT,,TTF2
NOL10,,TTI1
NOL11,,TTK
NOL12,,TTYH3
NOL6,,TUBA1C
NOL7,,TUFT1
NOL9,,TUT4
NOMO2,,TUT7
NOP10,,TWF1
NOP16,,TXLNA
NOP53,,TXLNG
NPC1,,TXNRD3
NPC2,,TYK2
NPEPL1,,U2AF1
NPEPPS,,U2AF2
NPHP3,,U2SURP
NPLOC4,,UBA1
NPM3,,UBA2
NPRL3,,UBAP2
NPTN,,UBAP2L
NQO1,,UBASH3B
NQO2,,UBE2H
NR2C2AP,,UBE2J1
NR2F2,,UBE2O
NRAS,,UBE4B
NRDE2,,UBN1
NRF1,,UBQLN2
NRM,,UBR1
NRSN2,,UBR4
NSA2,,UBR5
NSDHL,,UBTF
NSL1,,UBXN4
NSMCE1,,UBXN7
NSUN4,,UCHL3
NSUN5,,UFD1
NSUN6,,UFL1
NT5C,,UHRF1
NT5C2,,UHRF1BP1
NT5C3A,,UHRF1BP1L
NT5C3B,,UHRF2
NT5DC1,,UIMC1
NT5DC2,,ULK1
NT5DC3,,UNC13B
NTAN1,,UNC45A
NTMT1,,UNC93B1
NTPCR,,UNG
NUBP1,,UNK
NUBP2,,UPF1
NUBPL,,UPF3B
NUCB2,,URI1
NUDCD1,,USO1
NUDCD2,,USP1
NUDCD3,,USP10
NUDT1,,USP11
NUDT12,,USP13
NUDT14,,USP14
NUDT15,,USP15
NUDT16,,USP16
NUDT16L1,,USP20
NUDT19,,USP24
NUDT2,,USP32
NUDT21,,USP33
NUDT3,,USP34
NUDT4B,,USP36
NUDT5,,USP38
NUDT8,,USP39
NUP160,,USP4
NUP37,,USP47
NUP42,,USP5
NUP43,,USP54
NUP54,,USP7
NUP58,,USP8
NUP62,,USP9X
NUP85,,UTP14A
NUS1,,UTP18
NUTF2,,UTP20
NVL,,UTP3
NXN,,UTRN
NXT1,,VAC14
NYNRIN,,VAMP3
OAS3,,VAMP7
OASL,,VAMP8
OAT,,VANGL1
OBSL1,,VAPA
OCIAD1,,VAPB
OCIAD2,,VASP
OCRL,,VAT1
ODR4,,VAV2
OGDH,,VCL
OGDHL,,VCP
OGFOD1,,VCPIP1
OGFOD2,,VDAC1
OGFOD3,,VDAC2
OGT,,VIM
OIP5,,VIPAS39
OLA1,,VIRMA
OPA1,,VPS13D
OPA3,,VPS26A
OPLAH,,VPS35
ORC2,,VPS37A
ORC3,,VPS4A
ORC4,,VPS4B
ORC5,,VPS50
ORMDL2,,WAC
OS9,,WAPL
OSBP2,,WASHC2A
OSBPL1A,,WASHC2C
OSBPL2,,WASHC4
OSBPL7,,WASL
OSCP1,,WBP11
OSGEP,,WBP4
OSTC,,WDCP
OTUD1,,WDFY3
OTUD6B,,WDHD1
OTULIN,,WDR11
OTULINL,,WDR13
OVCA2,,WDR20
OXA1L,,WDR26
OXCT1,,WDR3
OXNAD1,,WDR33
OXSM,,WDR4
P3H1,,WDR43
P3H2,,WDR44
P3H3,,WDR46
P3H4,,WDR55
P4HA1,,WDR59
P4HA2,,WDR62
P4HB,,WDR7
P4HTM,,WDR70
PAAF1,,WDR75
PAAT,,WDR77
PABPC1,,WDR81
PABPC3,,WEE1
PADI3,,WFS1
PAFAH1B1,,WIPI2
PAFAH1B2,,WIZ
PAFAH1B3,,WNK1
PAIP1,,WNK2
PAIP2,,WRAP53
PALD1,,WRN
PALM2,,WRNIP1
PALS2,,WTAP
PAM16,,WWC1
PANK3,,WWC2
PANK4,,WWC3
PAOX,,WWP2
PAPSS1,,XPC
PAPSS2,,XPO1
PARD6B,,XPO4
PARK7,,XPR1
PARL,,XRCC1
PARP10,,XRCC4
PARP12,,XRCC6
PARP14,,XRN2
PARP3,,YAP1
PARP4,,YBX1
PARS2,,YBX3
PARVA,,YEATS2
PARVB,,YLPM1
PATZ1,,YPEL5
PAXIP1,,YRDC
PBK,,YTHDC1
PC,,YTHDC2
PCBD1,,YTHDF2
PCBP1,,YWHAB
PCBP3,,YWHAE
PCCA,,YWHAG
PCCB,,YWHAQ
PCGF5,,YWHAZ
PCID2,,YY1
PCIF1,,ZBTB1
PCK2,,ZBTB20
PCLAF,,ZBTB21
PCMT1,,ZBTB33
PCMTD1,,ZBTB40
PCTP,,ZBTB7A
PCYOX1,,ZC3H11A
PCYT2,,ZC3H12C
PDCD10,,ZC3H13
PDCD2,,ZC3H14
PDCD2L,,ZC3H15
PDCD6,,ZC3H18
PDCD6IP,,ZC3H4
PDCD7,,ZC3HAV1
PDCL3,,ZC3HC1
PDE6D,,ZCCHC17
PDF,,ZCCHC8
PDGFRB,,ZDHHC5
PDHB,,ZEB2
PDHX,,ZFC3H1
PDIA3,,ZFHX3
PDIA4,,ZFHX4
PDIA5,,ZFP36L1
PDK1,,ZFP36L2
PDK2,,ZFP91
PDK3,,ZFR
PDLIM3,,ZFYVE16
PDLIM5,,ZFYVE19
PDP1,,ZFYVE26
PDPR,,ZGPAT
PDRG1,,ZHX2
PDSS2,,ZKSCAN8
PDXK,,ZMYM2
PDXP,,ZMYM3
PDZD11,,ZMYM4
PEBP1,,ZMYND11
PECR,,ZMYND8
PEDS1,,ZNF106
PEF1,,ZNF148
PEMT,,ZNF185
PEPD,,ZNF217
PES1,,ZNF280C
PEX11B,,ZNF318
PEX16,,ZNF326
PEX3,,ZNF358
PEX5,,ZNF451
PEX6,,ZNF462
PFAS,,ZNF512B
PFDN1,,ZNF579
PFDN2,,ZNF592
PFDN5,,ZNF593
PFDN6,,ZNF598
PFKFB3,,ZNF609
PFKFB4,,ZNF618
PFN2,,ZNF622
PGAM5,,ZNF629
PGD,,ZNF638
PGGHG,,ZNF687
PGGT1B,,ZRANB2
PGK1,,ZSWIM8
PGK2,,ZYX
PGLS,,ZZEF1
PGM1,,ZZZ3
PGM2,,nan
PGM2L1,,
PGP,,
PGPEP1,,
PGS1,,
PHAF1,,
PHB,,
PHC2,,
PHF5A,,
PHGDH,,
PHKA1,,
PHKG2,,
PHLDA2,,
PHYHD1,,
PHYKPL,,
PIAS1,,
PIAS3,,
PIBF1,,
PICK1,,
PIGK,,
PIGQ,,
PIGS,,
PIGT,,
PIGU,,
PIH1D1,,
PIK3C3,,
PIK3CA,,
PIK3CB,,
PIK3CD,,
PIK3R1,,
PIN1,,
PIN4,,
PINX1,,
PIP4K2A,,
PIP4K2C,,
PIP4P1,,
PIP4P2,,
PIR,,
PISD,,
PITHD1,,
PITPNA,,
PITPNB,,
PITRM1,,
PKIG,,
PKLR,,
PKN3,,
PLA2G15,,
PLA2G4A,,
PLAU,,
PLAUR,,
PLBD1,,
PLBD2,,
PLCB2,,
PLCB4,,
PLCG2,,
PLCH1,,
PLD1,,
PLD2,,
PLD3,,
PLEKHG4,,
PLEKHM2,,
PLG,,
PLIN2,,
PLK1,,
PLOD1,,
PLOD2,,
PLOD3,,
PLP2,,
PLPBP,,
PLPP1,,
PLPP6,,
PLRG1,,
PLS1,,
PLS3,,
PLSCR1,,
PLSCR3,,
PLTP,,
PLXNA1,,
PLXND1,,
PM20D2,,
PMF1,,
PMM1,,
PMM2,,
PMPCA,,
PMPCB,,
PMS1,,
PMS2,,
PMVK,,
PNKD,,
PNMA1,,
PNO1,,
PNP,,
PNPLA2,,
PNPLA4,,
PNPO,,
PNPT1,,
POC1B,,
POFUT1,,
POFUT2,,
POGK,,
POGLUT1,,
POGLUT2,,
POGLUT3,,
POLA1,,
POLB,,
POLD1,,
POLD2,,
POLDIP2,,
POLE2,,
POLE3,,
POLE4,,
POLG,,
POLG2,,
POLK,,
POLL,,
POLR1A,,
POLR1B,,
POLR1C,,
POLR2B,,
POLR2C,,
POLR2D,,
POLR2E,,
POLR2F,,
POLR2G,,
POLR2H,,
POLR2J,,
POLR2L,,
POLR3A,,
POLR3B,,
POLR3D,,
POLR3F,,
POLRMT,,
POM121C,,
POMGNT1,,
POMGNT2,,
POMK,,
POMP,,
POMT1,,
PON2,,
POP4,,
POP7,,
POR,,
POTEF,,
POTEJ,,
POTEKP,,
POU2F1,,
PPA1,,
PPA2,,
PPAT,,
PPCDC,,
PPCS,,
PPIA,,
PPIAL4C,,
PPIAL4H,,
PPIB,,
PPIC,,
PPID,,
PPIE,,
PPIF,,
PPIH,,
PPIL1,,
PPIL2,,
PPIL3,,
PPIL4,,
PPIP5K1,,
PPL,,
PPM1A,,
PPM1B,,
PPM1F,,
PPOX,,
PPP1CA,,
PPP1CB,,
PPP1CC,,
PPP1R21,,
PPP1R3G,,
PPP1R8,,
PPP1R9B,,
PPP2CB,,
PPP2R1A,,
PPP2R1B,,
PPP2R2A,,
PPP2R3A,,
PPP2R5C,,
PPP3CA,,
PPP3CB,,
PPP3CC,,
PPP3R1,,
PPP4C,,
PPP4R1,,
PPP5C,,
PPP6C,,
PPT1,,
PPT2,,
PPTC7,,
PPWD1,,
PQBP1,,
PRAF2,,
PRAME,,
PRCP,,
PRDM10,,
PRDX1,,
PRDX2,,
PRDX3,,
PRDX4,,
PRDX5,,
PRDX6,,
PREB,,
PRELID3B,,
PREP,,
PREPL,,
PRIM1,,
PRIM2,,
PRKAA2,,
PRKAB1,,
PRKAG1,,
PRKCI,,
PRKCSH,,
PRKCZ,,
PRKD3,,
PRMT1,,
PRMT5,,
PRMT9,,
PRNP,,
PROCR,,
PRORP,,
PRPF18,,
PRPF19,,
PRPF39,,
PRPF4,,
PRPF8,,
PRPH,,
PRPS1,,
PRPS2,,
PRPSAP1,,
PRRC1,,
PRSS1,,
PRSS21,,
PRSS3,,
PRTFDC1,,
PRUNE1,,
PRXL2A,,
PRXL2B,,
PSAP,,
PSAT1,,
PSMA1,,
PSMA2,,
PSMA4,,
PSMA7,,
PSMB1,,
PSMB10,,
PSMB2,,
PSMB3,,
PSMB4,,
PSMB6,,
PSMB7,,
PSMB8,,
PSMB9,,
PSMC1,,
PSMC2,,
PSMC3,,
PSMC4,,
PSMC5,,
PSMC6,,
PSMD10,,
PSMD11,,
PSMD12,,
PSMD13,,
PSMD14,,
PSMD4,,
PSMD5,,
PSMD6,,
PSMD7,,
PSMD8,,
PSMD9,,
PSME1,,
PSME2,,
PSMG2,,
PSMG3,,
PSMG4,,
PSPH,,
PTAR1,,
PTBP2,,
PTCD1,,
PTCD3,,
PTER,,
PTGES2,,
PTGFRN,,
PTGR1,,
PTGR2,,
PTK2B,,
PTK7,,
PTP4A2,,
PTP4A3,,
PTPA,,
PTPMT1,,
PTPN23,,
PTPN6,,
PTPN9,,
PTPRE,,
PTPRG,,
PTPRJ,,
PTPRK,,
PTPRS,,
PTRH1,,
PTRH2,,
PTRHD1,,
PTS,,
PTTG1,,
PTTG1IP,,
PTX4,,
PUDP,,
PUM3,,
PURA,,
PUS10,,
PUS7,,
PUS7L,,
PUSL1,,
PWP2,,
PXK,,
PXMP4,,
PYCR1,,
PYCR2,,
PYCR3,,
PYGB,,
PYGL,,
PYM1,,
PYROXD2,,
Q6ZSR9,,
QARS1,,
QDPR,,
QKI,,
QPCTL,,
QPRT,,
QRICH1,,
QRSL1,,
QSOX1,,
QTRT1,,
QTRT2,,
R3HCC1,,
RAB11A,,
RAB11B,,
RAB14,,
RAB18,,
RAB19,,
RAB1B,,
RAB20,,
RAB21,,
RAB22A,,
RAB23,,
RAB24,,
RAB27A,,
RAB27B,,
RAB29,,
RAB2A,,
RAB31,,
RAB32,,
RAB33B,,
RAB35,,
RAB38,,
RAB3B,,
RAB3D,,
RAB3GAP1,,
RAB3GAP2,,
RAB43,,
RAB4A,,
RAB5B,,
RAB5C,,
RAB5IF,,
RAB6A,,
RAB6B,,
RAB6D,,
RAB7A,,
RAB9A,,
RABAC1,,
RABEP2,,
RABEPK,,
RABGGTA,,
RABGGTB,,
RABIF,,
RABL2A,,
RABL3,,
RAC1,,
RAC2,,
RAC3,,
RAD1,,
RAD51C,,
RAD54L,,
RAE1,,
RALA,,
RALB,,
RALYL,,
RAN,,
RANBP1,,
RANBP6,,
RANGRF,,
RAP1A,,
RAP1B,,
RAP1GDS1,,
RAP2B,,
RAP2C,,
RARS1,,
RARS2,,
RASA1,,
RASA2,,
RASAL1,,
RAVER2,,
RBBP4,,
RBBP7,,
RBBP9,,
RBCK1,,
RBFA,,
RBFOX2,,
RBIS,,
RBM12,,
RBM22,,
RBM23,,
RBM24,,
RBM28,,
RBM3,,
RBM45,,
RBM47,,
RBM48,,
RBM4B,,
RBMS1,,
RBMS2,,
RBP7,,
RBPJ,,
RBPMS,,
RBSN,,
RBX1,,
RC3H1,,
RCC1L,,
RCCD1,,
RCE1,,
RCL1,,
RCN1,,
RCN2,,
RCN3,,
RDH10,,
RDH11,,
RDH13,,
RDH14,,
RDX,,
REEP5,,
REEP6,,
REL,,
RELA,,
RELN,,
RETSAT,,
REXO2,,
RFC2,,
RFC3,,
RFC4,,
RFC5,,
RFK,,
RFX1,,
RFX5,,
RGPD3,,
RGPD5,,
RGS10,,
RGS19,,
RGS20,,
RHBDD2,,
RHEB,,
RHOA,,
RHOB,,
RHOBTB3,,
RHOC,,
RHOF,,
RHOG,,
RHOT1,,
RHOT2,,
RIDA,,
RINL,,
RINT1,,
RIOK3,,
RIOX1,,
RIOX2,,
RIPK1,,
RMC1,,
RMDN1,,
RMI1,,
RMND1,,
RMND5A,,
RNASEH2B,,
RNASEH2C,,
RNF114,,
RNF121,,
RNF123,,
RNF126,,
RNF14,,
RNF149,,
RNF167,,
RNF170,,
RNF31,,
RNF40,,
RNF7,,
RNGTT,,
RNH1,,
RNMT,,
RNPEP,,
RO60,,
ROMO1,,
RP2,,
RPA2,,
RPA3,,
RPAP1,,
RPAP2,,
RPE,,
RPF1,,
RPF2,,
RPIA,,
RPL10,,
RPL10A,,
RPL11,,
RPL12,,
RPL13,,
RPL13A,,
RPL14,,
RPL15,,
RPL17,,
RPL18,,
RPL18A,,
RPL19,,
RPL21,,
RPL22,,
RPL24,,
RPL26,,
RPL26L1,,
RPL27,,
RPL28,,
RPL3,,
RPL30,,
RPL32,,
RPL35,,
RPL35A,,
RPL36,,
RPL36A,,
RPL37,,
RPL37A,,
RPL38,,
RPL39,,
RPL5,,
RPL6,,
RPL7,,
RPL7A,,
RPL7L1,,
RPL8,,
RPL9,,
RPLP1,,
RPN1,,
RPN2,,
RPP14,,
RPP25L,,
RPP30,,
RPP40,,
RPS12,,
RPS13,,
RPS15,,
RPS15A,,
RPS16,,
RPS17,,
RPS18,,
RPS19,,
RPS20,,
RPS21,,
RPS23,,
RPS24,,
RPS25,,
RPS26,,
RPS27A,,
RPS27L,,
RPS29,,
RPS4X,,
RPS5,,
RPS6KA1,,
RPS6KA5,,
RPS6KB2,,
RPS7,,
RPS8,,
RPS9,,
RPSA,,
RPUSD3,,
RPUSD4,,
RRAGA,,
RRAS,,
RRM1,,
RRM2B,,
RRP7A,,
RRS1,,
RSBN1,,
RSBN1L,,
RSL24D1,,
RSPRY1,,
RSRC1,,
RSU1,,
RTCA,,
RTCB,,
RTEL1,,
RTF2,,
RTL8C,,
RTN2,,
RTN4IP1,,
RTRAF,,
RTTN,,
RUFY1,,
RUFY2,,
RUFY3,,
RUNX3,,
RUSC1,,
RUSF1,,
RUVBL1,,
RUVBL2,,
RWDD1,,
RWDD2A,,
RXRA,,
RXRB,,
S100A1,,
S100A10,,
S100A13,,
S100A16,,
S100A2,,
S100A4,,
S100A9,,
SACM1L,,
SACS,,
SAE1,,
SAMD8,,
SAMD9,,
SAMHD1,,
SAMM50,,
SAP130,,
SAP18,,
SAP30,,
SAR1B,,
SARDH,,
SARS1,,
SARS2,,
SASS6,,
SAV1,,
SBDS,,
SBF1,,
SBF2,,
SCAI,,
SCAMP2,,
SCAMP3,,
SCAMP4,,
SCAPER,,
SCARB1,,
SCARB2,,
SCCPDH,,
SCD,,
SCFD2,,
SCIN,,
SCLY,,
SCO1,,
SCO2,,
SCOC,,
SCP2,,
SCPEP1,,
SCRN1,,
SCRN2,,
SCRN3,,
SCYL1,,
SCYL2,,
SDC4,,
SDCBP,,
SDF2,,
SDF2L1,,
SDF4,,
SDHA,,
SDHAF2,,
SDHB,,
SDHC,,
SDHD,,
SDR39U1,,
SDSL,,
SEC11A,,
SEC13,,
SEC14L2,,
SEC23A,,
SEC23B,,
SEC24A,,
SEC24C,,
SEC24D,,
SEC61G,,
SECISBP2L,,
SEL1L,,
SELENBP1,,
SELENOF,,
SELENOH,,
SELENOI,,
SELENOO,,
SELENOS,,
SELENOT,,
SELENOW,,
SEMA3C,,
SENP1,,
SEPHS2,,
SEPSECS,,
SEPTIN11,,
SEPTIN3,,
SEPTIN6,,
SEPTIN8,,
SERAC1,,
SERPINB1,,
SERPINB2,,
SERPINB6,,
SERPINB8,,
SERPINB9,,
SERPINC1,,
SERPINE1,,
SERPINE2,,
SERPINH1,,
SETD7,,
SETDB1,,
SF3B4,,
SF3B5,,
SF3B6,,
SFMBT1,,
SFT2D3,,
SFXN1,,
SFXN2,,
SFXN3,,
SGF29,,
SGPL1,,
SGSH,,
SGTB,,
SH3BGRL,,
SH3BGRL2,,
SH3BGRL3,,
SH3GLB1,,
SH3GLB2,,
SH3PXD2B,,
SH3RF1,,
SHC1,,
SHFL,,
SHMT1,,
SHMT2,,
SHOC2,,
SHPK,,
SHPRH,,
SIAE,,
SIGIRR,,
SIGMAR1,,
SIK3,,
SIL1,,
SIN3B,,
SIRPA,,
SIRT3,,
SIRT5,,
SIRT6,,
SLC12A2,,
SLC12A9,,
SLC15A4,,
SLC25A1,,
SLC25A10,,
SLC25A11,,
SLC25A12,,
SLC25A13,,
SLC25A15,,
SLC25A17,,
SLC25A19,,
SLC25A20,,
SLC25A21,,
SLC25A22,,
SLC25A24,,
SLC25A29,,
SLC25A30,,
SLC25A32,,
SLC25A36,,
SLC25A4,,
SLC25A40,,
SLC25A5,,
SLC25A52,,
SLC25A6,,
SLC27A1,,
SLC27A2,,
SLC27A4,,
SLC29A1,,
SLC2A3,,
SLC2A6,,
SLC30A1,,
SLC30A7,,
SLC30A9,,
SLC33A1,,
SLC35A3,,
SLC35A4,,
SLC35B3,,
SLC35E1,,
SLC36A4,,
SLC38A2,,
SLC38A5,,
SLC38A9,,
SLC39A11,,
SLC39A14,,
SLC3A2,,
SLC44A1,,
SLC44A2,,
SLC4A10,,
SLC52A2,,
SLC5A3,,
SLC5A6,,
SLC6A6,,
SLC7A1,,
SLC7A5,,
SLC7A6,,
SLFN11,,
SLFN5,,
SMAD2,,
SMAD3,,
SMAD4,,
SMAD5,,
SMAP1,,
SMARCA1,,
SMARCAL1,,
SMARCB1,,
SMARCD1,,
SMARCE1,,
SMC1B,,
SMC2,,
SMC6,,
SMCHD1,,
SMDT1,,
SMG5,,
SMG7,,
SMIM12,,
SMPD4,,
SMPDL3B,,
SMS,,
SMU1,,
SMUG1,,
SMURF2,,
SMYD2,,
SMYD3,,
SMYD4,,
SMYD5,,
SNAP29,,
SNAP47,,
SNAP91,,
SNAPIN,,
SNCA,,
SND1,,
SNF8,,
SNRNP27,,
SNRNP40,,
SNRNP48,,
SNRPB,,
SNRPB2,,
SNRPC,,
SNRPD1,,
SNRPD2,,
SNRPD3,,
SNRPE,,
SNRPF,,
SNRPGP15,,
SNU13,,
SNUPN,,
SNX12,,
SNX14,,
SNX15,,
SNX2,,
SNX21,,
SNX27,,
SNX30,,
SNX4,,
SNX5,,
SNX7,,
SNX8,,
SNX9,,
SOAT1,,
SOD1,,
SOD2,,
SOGA3,,
SORD,,
SP2,,
SPAG5,,
SPAG7,,
SPARC,,
SPART,,
SPAST,,
SPATA20,,
SPATA5,,
SPATA5L1,,
SPC24,,
SPC25,,
SPCS1,,
SPCS2,,
SPCS3,,
SPG11,,
SPG7,,
SPHK2,,
SPINT2,,
SPNS1,,
SPOUT1,,
SPPL2A,,
SPR,,
SPRYD4,,
SPRYD7,,
SPTBN2,,
SPTLC1,,
SPTLC2,,
SQLE,,
SQOR,,
SRBD1,,
SREBF2,,
SREK1,,
SRI,,
SRM,,
SRP14,,
SRP19,,
SRP54,,
SRP68,,
SRP9,,
SRPRA,,
SRPRB,,
SRR,,
SRXN1,,
SSNA1,,
SSR4,,
SSU72,,
ST3GAL4,,
STAG2,,
STAM2,,
STAMBP,,
STARD10,,
STARD3,,
STARD7,,
STAT1,,
STAT2,,
STAT3,,
STAT5B,,
STAT6,,
STAU2,,
STBD1,,
STEAP3,,
STEEP1,,
STK17A,,
STK19,,
STK24,,
STK25,,
STK26,,
STK33,,
STK38,,
STOM,,
STRAP,,
STRBP,,
STS,,
STT3A,,
STX16,,
STX18,,
STX2,,
STX3,,
STX5,,
STX6,,
STX8,,
STXBP2,,
STXBP3,,
STXBP6,,
STYX,,
SUCLA2,,
SUCLG1,,
SUCLG2,,
SUFU,,
SULT1A3,,
SUMF1,,
SUMF2,,
SUMO1,,
SUMO2,,
SUMO3,,
SUOX,,
SUPT20H,,
SUPT4H1,,
SURF1,,
SURF4,,
SWAP70,,
SYF2,,
SYNCRIP,,
SYNE3,,
SYNJ2,,
SYNJ2BP,,
SYPL1,,
SYS1,,
TAB1,,
TACO1,,
TADA1,,
TADA2B,,
TAF10,,
TAF11,,
TAF4,,
TAF5,,
TAF5L,,
TAF6L,,
TAF7,,
TAF9,,
TAGLN3,,
TAMM41,,
TANGO6,,
TAOK2,,
TAP1,,
TAP2,,
TAPBP,,
TAPT1,,
TARBP1,,
TARBP2,,
TARDBP,,
TARS2,,
TATDN1,,
TAX1BP1,,
TBC1D13,,
TBC1D24,,
TBC1D7,,
TBCA,,
TBCC,,
TBCD,,
TBCE,,
TBCEL,,
TBK1,,
TBL1X,,
TBL1XR1,,
TBL2,,
TBL3,,
TBP,,
TBPL1,,
TBRG4,,
TCAF1,,
TCERG1,,
TCP11L1,,
TDG,,
TDP1,,
TDRD7,,
TDRKH,,
TEAD1,,
TEAD3,,
TEAD4,,
TECPR1,,
TECPR2,,
TECR,,
TEDC1,,
TEFM,,
TELO2,,
TENT2,,
TENT4B,,
TEP1,,
TES,,
TESC,,
TEX30,,
TFAP2A,,
TFB1M,,
TFB2M,,
TFCP2,,
TFPI2,,
TFRC,,
TGFB1,,
TGFBI,,
TGFBRAP1,,
TGM2,,
THADA,,
THAP11,,
THBS1,,
THBS3,,
THEM6,,
THEMIS2,,
THG1L,,
THNSL1,,
THOC3,,
THOC5,,
THOC6,,
THOC7,,
THOP1,,
THTPA,,
THUMPD2,,
THUMPD3,,
THYN1,,
TIAL1,,
TIGAR,,
TIMM13,,
TIMM17A,,
TIMM17B,,
TIMM21,,
TIMM22,,
TIMM23,,
TIMM44,,
TIMM50,,
TIMM8A,,
TIMMDC1,,
TIMP2,,
TINF2,,
TIPRL,,
TK1,,
TKFC,,
TLCD1,,
TLCD4,,
TM9SF1,,
TM9SF2,,
TM9SF3,,
TM9SF4,,
TMA16,,
TMA7,,
TMBIM6,,
TMED1,,
TMED10,,
TMED2,,
TMED4,,
TMED5,,
TMED7,,
TMED8,,
TMED9,,
TMEM109,,
TMEM120A,,
TMEM126A,,
TMEM14C,,
TMEM161B,,
TMEM165,,
TMEM167A,,
TMEM181,,
TMEM201,,
TMEM205,,
TMEM209,,
TMEM223,,
TMEM256,,
TMEM259,,
TMEM263,,
TMEM33,,
TMEM41A,,
TMEM43,,
TMEM59,,
TMEM62,,
TMEM65,,
TMEM67,,
TMEM68,,
TMEM70,,
TMEM87B,,
TMEM9,,
TMEM97,,
TMLHE,,
TMSB10,,
TMSB4X,,
TMTC3,,
TMUB2,,
TMX2,,
TMX3,,
TMX4,,
TNFAIP2,,
TNFAIP8,,
TNFRSF10B,,
TNKS2,,
TNPO1,,
TNPO2,,
TNPO3,,
TOLLIP,,
TOM1L2,,
TOMM40,,
TOMM40L,,
TOMM5,,
TOMM6,,
TOMM7,,
TOMM70,,
TONSL,,
TOP1MT,,
TOP3A,,
TOP3B,,
TOPBP1,,
TOR1A,,
TOR1AIP2,,
TOR1B,,
TOR2A,,
TOR3A,,
TOR4A,,
TP53I3,,
TPCN1,,
TPD52L1,,
TPM1,,
TPM4,,
TPP1,,
TPP2,,
TPPP,,
TPRG1L,,
TPRKB,,
TPT1,,
TRABD,,
TRADD,,
TRAF1,,
TRAF2,,
TRAF6,,
TRAP1,,
TRAPPC1,,
TRAPPC10,,
TRAPPC11,,
TRAPPC13,,
TRAPPC2,,
TRAPPC2L,,
TRAPPC3,,
TRAPPC4,,
TRAPPC5,,
TRAPPC6B,,
TRAPPC8,,
TRAPPC9,,
TRDMT1,,
TRIM11,,
TRIM21,,
TRIM26,,
TRIM27,,
TRIM32,,
TRIM37,,
TRIM38,,
TRIM4,,
TRIM5,,
TRIM58,,
TRIM65,,
TRIOBP,,
TRIP11,,
TRIP13,,
TRIP4,,
TRIP6,,
TRIR,,
TRMT10C,,
TRMT11,,
TRMT112,,
TRMT13,,
TRMT2A,,
TRMT5,,
TRMT6,,
TRMT61A,,
TRMT61B,,
TRMU,,
TRNAU1AP,,
TRNT1,,
TRPC4AP,,
TRPM4,,
TRPT1,,
TRUB1,,
TRUB2,,
TSC22D1,,
TSEN15,,
TSEN2,,
TSEN34,,
TSEN54,,
TSG101,,
TSN,,
TSPAN13,,
TSPAN14,,
TSPAN6,,
TSPO,,
TSPYL1,,
TSR1,,
TSR2,,
TST,,
TTC12,,
TTC13,,
TTC17,,
TTC19,,
TTC21B,,
TTC26,,
TTC27,,
TTC3,,
TTC30A,,
TTC37,,
TTC38,,
TTC39C,,
TTC4,,
TTC5,,
TTC9C,,
TTI2,,
TTL,,
TTLL12,,
TTPAL,,
TUBA1B,,
TUBA3E,,
TUBA4A,,
TUBA8,,
TUBAL3,,
TUBB,,
TUBB1,,
TUBB2A,,
TUBB2B,,
TUBB3,,
TUBB4A,,
TUBB4B,,
TUBB6,,
TUBB8,,
TUBE1,,
TUBG1,,
TUBGCP2,,
TUBGCP3,,
TUBGCP4,,
TUBGCP5,,
TUBGCP6,,
TUFM,,
TULP3,,
TUSC2,,
TUSC3,,
TUT1,,
TWF2,,
TWNK,,
TWSG1,,
TXN,,
TXN2,,
TXNDC11,,
TXNDC12,,
TXNDC17,,
TXNDC5,,
TXNDC9,,
TXNIP,,
TXNL1,,
TXNL4A,,
TXNRD1,,
TXNRD2,,
TYMP,,
TYMS,,
TYW1,,
TYW3,,
UACA,,
UAP1,,
UAP1L1,,
UBA3,,
UBA5,,
UBA6,,
UBAC1,,
UBAC2,,
UBAP1,,
UBE2A,,
UBE2B,,
UBE2C,,
UBE2D1,,
UBE2D2,,
UBE2E1,,
UBE2F,,
UBE2G1,,
UBE2G2,,
UBE2I,,
UBE2J2,,
UBE2K,,
UBE2L3,,
UBE2L6,,
UBE2M,,
UBE2N,,
UBE2Q1,,
UBE2S,,
UBE2T,,
UBE2V1,,
UBE2V2,,
UBE2Z,,
UBE3A,,
UBE3B,,
UBE3C,,
UBE3D,,
UBE4A,,
UBFD1,,
UBL3,,
UBL4A,,
UBL5,,
UBL7,,
UBLCP1,,
UBN2,,
UBP1,,
UBQLN1,,
UBQLN4,,
UBR2,,
UBR3,,
UBR7,,
UBTD1,,
UBXN1,,
UBXN6,,
UCHL1,,
UCHL5,,
UCK2,,
UEVLD,,
UFC1,,
UFM1,,
UFSP2,,
UGCG,,
UGDH,,
UGGT1,,
UGGT2,,
UGP2,,
UGT8,,
ULBP2,,
UMPS,,
UNC119B,,
UNC13D,,
UPF2,,
UPP1,,
UPRT,,
UQCC1,,
UQCC2,,
UQCC3,,
UQCR10,,
UQCR11,,
UQCRB,,
UQCRC1,,
UQCRC2,,
UQCRFS1,,
UQCRH,,
UQCRQ,,
URB1,,
URB2,,
URGCP,,
URM1,,
UROD,,
UROS,,
USE1,,
USF1,,
USP19,,
USP22,,
USP25,,
USP28,,
USP40,,
USP48,,
UTP11,,
UTP15,,
UTP23,,
UTP25,,
UTP4,,
UTP6,,
UTS2,,
UVRAG,,
UXS1,,
UXT,,
VAMP2,,
VARS1,,
VARS2,,
VBP1,,
VDAC3,,
VEZF1,,
VHL,,
VKORC1,,
VKORC1L1,,
VLDLR,,
VMA21,,
VMP1,,
VPS11,,
VPS13A,,
VPS13B,,
VPS13C,,
VPS16,,
VPS18,,
VPS25,,
VPS26B,,
VPS26C,,
VPS28,,
VPS29,,
VPS33A,,
VPS33B,,
VPS35L,,
VPS36,,
VPS37B,,
VPS37C,,
VPS39,,
VPS41,,
VPS45,,
VPS51,,
VPS52,,
VPS53,,
VPS72,,
VPS8,,
VRK1,,
VRK2,,
VTA1,,
VTI1B,,
VWA3B,,
VWA8,,
WARS1,,
WARS2,,
WASF1,,
WASF2,,
WASH3P,,
WASHC3,,
WASHC5,,
WBP2,,
WDFY1,,
WDR1,,
WDR12,,
WDR18,,
WDR19,,
WDR24,,
WDR35,,
WDR36,,
WDR37,,
WDR41,,
WDR45,,
WDR45B,,
WDR47,,
WDR48,,
WDR5,,
WDR54,,
WDR6,,
WDR61,,
WDR74,,
WDR76,,
WDR82,,
WDR83,,
WDR89,,
WDR91,,
WDSUB1,,
WDTC1,,
WLS,,
WRAP73,,
XAB2,,
XIAP,,
XPA,,
XPNPEP1,,
XPNPEP3,,
XPO5,,
XPO6,,
XPO7,,
XPOT,,
XRCC3,,
XRCC5,,
XRN1,,
XXYLT1,,
XYLB,,
YARS1,,
YARS2,,
YBX2,,
YEATS4,,
YES1,,
YIF1A,,
YIF1B,,
YIPF3,,
YIPF4,,
YIPF5,,
YIPF6,,
YJU2,,
YKT6,,
YME1L1,,
YTHDF1,,
YTHDF3,,
YWHAH,,
ZBTB10,,
ZBTB11,,
ZBTB2,,
ZBTB4,,
ZC2HC1A,,
ZC3H7A,,
ZC3H7B,,
ZC3HAV1L,,
ZCCHC3,,
ZDHHC13,,
ZDHHC17,,
ZDHHC18,,
ZER1,,
ZFAND1,,
ZFAND5,,
ZFPL1,,
ZFYVE1,,
ZFYVE27,,
ZHX1,,
ZKSCAN4,,
ZMAT2,,
ZMIZ1,,
ZMPSTE24,,
ZMYM1,,
ZNF114,,
ZNF121,,
ZNF143,,
ZNF207,,
ZNF22,,
ZNF24,,
ZNF280D,,
ZNF281,,
ZNF292,,
ZNF346,,
ZNF384,,
ZNF431,,
ZNF512,,
ZNF574,,
ZNF644,,
ZNF830,,
ZNFX1,,
ZNHIT2,,
ZNRD2,,
ZPR1,,
ZW10,,
ZWILCH,,
ZWINT,,
ZYG11B,,
